Name,Country,Time,Place,Year
Spyridon LOUIS,GRE,02:58:50.000,1,1896
Kharilaos VASILAKOS,GRE,03:06:03.000,2,1896
Gyula KELLNER,HUN,03:06:35.000,3,1896
Michel THEATO,FRA,02:59:45.000,1,1900
Emile CHAMPION,FRA,03:04:17.000,2,1900
Ernst FAST,SWE,03:37:14.000,3,1900
Eugene BESSE,FRA,04:00:43.000,4,1900
Arthur NEWTON,USA,04:04:12.000,5,1900
Tom HICKS,USA,03:28:53.000,1,1904
Albert COREY,USA,03:34:52.000,2,1904
Arthur NEWTON,USA,03:47:33.000,3,1904
John Joseph HAYES,USA,02:55:18.400,1,1908
Charles A. HEFFERON,RSA,02:56:06.000,2,1908
Joe FORSHAW,USA,02:57:10.400,3,1908
Alton Roy WELTON,USA,02:59:44.400,4,1908
William WOOD,CAN,03:01:44.000,5,1908
Fred SIMPSON,CAN,03:04:28.200,6,1908
Harry LAWSON,CAN,03:06:47.200,7,1908
Johan Fritiof SVANBERG,SWE,03:07:50.800,8,1908
Lewis TEWANIMA,USA,03:09:15.000,9,1908
Kalle NIEMINEN,FIN,03:09:50.800,10,1908
Jack CAFFERY,CAN,03:12:46.000,11,1908
Billy CLARKE,GBR,03:16:08.600,12,1908
Ernie BARNES,GBR,03:17:30.800,13,1908
Sidney HATCH,USA,03:17:52.400,14,1908
Frederick Thomas LORD,GBR,03:19:08.800,15,1908
William GOLDSBORO,CAN,03:20:07.000,16,1908
James George BEALE,GBR,03:20:14.000,17,1908
Arnost NEJEDLY,CZE,03:26:26.200,18,1908
Georg LIND,RUS,03:26:38.800,19,1908
Willem W. WAKKER,NED,03:28:49.000,20,1908
Gustaf TÖRNROS,SWE,03:30:20.800,21,1908
George GOULDING,CAN,03:33:26.400,22,1908
Julius Ferdinand JORGENSEN,DEN,03:47:44.000,23,1908
Arthur BURN,CAN,03:50:17.000,24,1908
Emmerich RATH,AUT,03:50:30.400,25,1908
Rudy HANSEN,DEN,03:53:15.000,26,1908
George LISTER,CAN,04:22:45.000,27,1908
Ken MCARTHUR,RSA,02:36:54.800,1,1912
Chris GITSHAM,RSA,02:37:52.000,2,1912
Gaston STROBINO,USA,02:38:42.400,3,1912
Andrew SOCKALEXIS,USA,02:42:07.900,4,1912
James DUFFY,CAN,02:42:18.800,5,1912
Sigfrid JACOBSSON,SWE,02:43:24.900,6,1912
John James GALLAGHER,USA,02:44:19.400,7,1912
Joseph ERXLEBEN,USA,02:45:47.200,8,1912
Richard Francis PIGGOTT,USA,02:46:40.700,9,1912
Joe FORSHAW,USA,02:49:49.400,10,1912
Ed FABRE,CAN,02:50:36.200,11,1912
Clarence Harrison DE MAR,USA,02:50:46.600,12,1912
Renon BOISSIÈRE,FRA,02:51:06.600,13,1912
Henry Harold GREEN,GBR,02:52:11.400,14,1912
William Charles FORSYTH,CAN,02:52:23.000,15,1912
Lewis TEWANIMA,USA,02:52:41.400,16,1912
Harry J. SMITH,USA,02:52:53.800,17,1912
Thomas H. LILLEY,USA,02:59:35.400,18,1912
Arthur TOWNSEND,GBR,03:00:05.000,19,1912
Felix KWIETON,AUT,03:00:48.000,20,1912
Frederick Thomas LORD,GBR,03:01:39.200,21,1912
Jacob WESTBERG,SWE,03:02:05.200,22,1912
Axel G. SIMONSEN,NOR,03:04:59.400,23,1912
Carl Nicanor ANDERSSON,SWE,03:06:13.000,24,1912
Edgar William LLOYD,GBR,03:09:25.000,25,1912
Herkules P. SAKELLAROPOULOS,GRE,03:11:37.000,26,1912
Hjalmar DAHLBERG,SWE,03:13:32.200,27,1912
Ivar LUNDBERG,SWE,03:16:35.200,28,1912
Johannes Laurs CHRISTENSEN,DEN,03:21:57.400,29,1912
Olaf LODAL,DEN,03:21:57.600,30,1912
Ödön KARPATI,HUN,03:25:21.600,31,1912
Carl NILSSON,SWE,03:26:56.400,32,1912
Emmerich RATH,AUT,03:27:03.800,33,1912
Otto OSEN,NOR,03:36:35.200,34,1912
Hannes KOLEHMAINEN,FIN,02:32:35.800,1,1920
Jüri LOSSMAN,EST,02:32:48.600,2,1920
Valerio ARRI,ITA,02:36:37.800,3,1920
Auguste BROOS,BEL,02:39:25.800,4,1920
Juho TUOMIKOSKI,FIN,02:40:18.800,5,1920
Anders Sofus ROSE,DEN,02:41:18.000,6,1920
Joseph ORGAN,USA,02:41:30.000,7,1920
Rudolf Carl HANSEN,DEN,02:41:39.400,8,1920
Urho TALLGREN,FIN,02:42:40.000,9,1920
Taavetti Heikki KOLEHMAINEN,FIN,02:44:03.200,10,1920
Carl LINDER,USA,02:44:21.600,11,1920
Chuck MELLOR,USA,02:45:30.000,12,1920
James DELLOW,CAN,02:46:47.000,13,1920
Bobby MILLS,GBR,02:48:05.000,14,1920
Art SCHOLES,CAN,02:48:30.000,15,1920
Shizo KANAGURI,JPN,02:48:45.400,16,1920
Gustav KINN,SWE,02:49:10.400,17,1920
Albert MOCHÉ,FRA,02:50:00.200,18,1920
Phadeppa CHAUGULE,IND,02:50:45.400,19,1920
Zensaku MOTEGI,JPN,02:51:09.400,20,1920
Kenzo YASHIMA,JPN,02:57:03.000,21,1920
Norman GENERAL,CAN,02:58:01.000,22,1920
Rudolf WÅHLIN,SWE,02:59:23.000,23,1920
Yahei MIURA,JPN,02:59:37.000,24,1920
Henri TEYSSEDOU,FRA,03:00:04.000,25,1920
Hendricus WESSEL,NED,03:00:17.000,26,1920
Charles MELIS,BEL,03:00:51.000,27,1920
William GRÜNER,SWE,03:01:48.000,28,1920
George PIPER,GBR,03:02:10.000,29,1920
Sinton HEWITT,AUS,03:03:27.000,30,1920
Leslie HOUSDEN,GBR,03:14:07.000,31,1920
Herkules P. SAKELLAROPOULOS,GRE,03:14:25.000,32,1920
Juan BASCUNAN,CHI,03:17:45.000,33,1920
Oscar BLANSAER,BEL,03:20:00.000,34,1920
Eric ROBERTSON,GBR,03:55:00.000,35,1920
Albin Oskar STENROOS,FIN,02:41:22.600,1,1924
Romeo BERTINI,ITA,02:47:19.600,2,1924
Clarence Harrison DE MAR,USA,02:48:14.000,3,1924
Lauri A. HALONEN,FIN,02:49:47.400,4,1924
Samuel FERRIS,GBR,02:52:26.000,5,1924
Manuel PLAZA REYES,CHI,02:52:54.000,6,1924
El Ouafi BOUGUEIRA,FRA,02:54:19.600,7,1924
Gustav KINN,SWE,02:54:33.400,8,1924
Dionisio CARRERAS,ESP,02:57:18.400,9,1924
Jüri LOSSMAN,EST,02:57:54.600,10,1924
Axel JENSEN,DEN,02:58:44.800,11,1924
Jean Baptiste MANHES,FRA,03:00:34.000,12,1924
Jack CUTHBERT,CAN,03:00:44.600,13,1924
Victor MACAULEY,CAN,03:02:05.400,14,1924
Marcel ALAVOINE,BEL,03:03:20.000,15,1924
Frank E. WENDLING,USA,03:05:09.800,16,1924
Arthur FARRIMOND,GBR,03:05:15.000,17,1924
Frank I. ZUNA,USA,03:05:52.200,18,1924
Harry PHILLIPS,RSA,03:07:13.000,19,1924
Auguste BROOS,BEL,03:14:03.000,20,1924
Waldemar KARLSSON,SWE,03:14:21.400,21,1924
Tullio BISCUOLA,ITA,03:19:05.000,22,1924
Billy CHURCHILL,USA,03:19:18.000,23,1924
Mohammed GHERMATI,FRA,03:20:27.000,24,1924
Chuck MELLOR,USA,03:24:07.000,25,1924
Pierre-georges LECLERCQ,BEL,03:27:54.000,26,1924
Jack MCKENNA,GBR,03:30:40.000,27,1924
Antal LOVAS,HUN,03:35:34.000,28,1924
Mahadeo SINGH,IND,03:37:36.000,29,1924
Elmar REIMANN,EST,03:40:52.000,30,1924
El Ouafi BOUGUEIRA,FRA,02:32:57.000,1,1928
Manuel PLAZA REYES,CHI,02:33:23.000,2,1928
Martti B. MARTTELIN,FIN,02:35:02.000,3,1928
Kanematsu YAMADA,JPN,02:35:29.000,4,1928
Joseph RAY,USA,02:36:04.000,5,1928
Seiichiro TSUDA,JPN,02:36:20.000,6,1928
Yrjo KORHOLIN-KOSKI,FIN,02:36:40.000,7,1928
Samuel FERRIS,GBR,02:37:41.000,8,1928
Whitey MICHELSEN,USA,02:38:56.000,9,1928
Cliff BRICKER,CAN,02:39:24.000,10,1928
Harry WOOD,GBR,02:41:15.000,11,1928
Verner Johan LAAKSONEN,FIN,02:41:35.000,12,1928
Harry William PAYNE,GBR,02:42:29.000,13,1928
Eino RASTAS,FIN,02:43:08.000,14,1928
Väinö Jeremias SIPILÄ,FIN,02:43:08.000,15,1928
Alois KROF,TCH,02:43:18.000,16,1928
John C. MILES,CAN,02:43:32.000,17,1928
Léon P. BROERS,BEL,02:44:37.000,18,1928
Hans Ludwig STELGES,GER,02:45:27.000,19,1928
Duncan Macleod WRIGHT,GBR,02:45:30.000,20,1928
Herb BIGNALL,GBR,02:45:44.000,21,1928
Ernest HARPER,GBR,02:45:44.000,22,1928
Jean GÉRAULT,FRA,02:46:08.000,23,1928
Ilmari KUOKKA,FIN,02:46:34.000,24,1928
Gustav KINN,SWE,02:47:35.000,25,1928
Silas MCLELLAN,CAN,02:49:33.000,26,1928
Clarence Harrison DE MAR,USA,02:50:42.000,27,1928
Marcel DENIS,FRA,02:51:15.000,28,1928
Guillaume TELL,FRA,02:51:18.000,29,1928
Henri H. LANDHEER,NED,02:51:59.000,30,1928
Paul HEMPEL,GER,02:52:01.000,31,1928
Aurelio TERRAZAS,MEX,02:52:22.000,32,1928
Frantisek ZYKA,TCH,02:52:42.000,33,1928
Giuseppe FERRERA,ITA,02:53:10.000,34,1928
José TORRES,MEX,02:54:00.000,35,1928
Johan STÖA,NOR,02:54:15.000,36,1928
Gérardus STEURS,BEL,02:54:48.000,37,1928
Arturs MOTTMILLERS,LAT,02:56:45.000,38,1928
James P. HENIGAN,USA,02:56:50.000,39,1928
Matthew STEYTLER,RSA,02:57:21.000,40,1928
Harvey FRICK,USA,02:57:24.000,41,1928
Jean LINSSEN,BEL,02:58:08.000,42,1928
Frank HUGHES,CAN,02:58:12.000,43,1928
William AGEE,USA,02:58:50.000,44,1928
Percival WYER,CAN,02:58:52.000,45,1928
Georg HÖRGER,GER,02:59:01.000,46,1928
Kurt SCHNEIDER,GER,02:59:36.000,47,1928
Juichi NAGATANI,JPN,03:03:34.000,48,1928
Jozsef GALAMBOS,HUN,03:05:58.000,49,1928
Paul GERHARDT,GER,03:09:30.000,50,1928
Gottlieb BACH,DEN,03:10:30.000,51,1928
Emilio FERRER,ESP,03:11:05.000,52,1928
Dimitrije STEFANOVIC,YUG,03:11:35.000,53,1928
Joop VERMEULEN,NED,03:13:47.000,54,1928
Pleun VAN LEENEN,NED,03:14:37.000,55,1928
Joseph Charles MARIEN,BEL,03:16:13.000,56,1928
Willem VAN DER STEEN,NED,03:19:53.000,57,1928
Juan Carlos ZABALA,ARG,02:31:36.000,1,1932
Samuel FERRIS,GBR,02:31:55.000,2,1932
Armas Adam TOIVONEN,FIN,02:32:12.000,3,1932
Duncan Macleod WRIGHT,GBR,02:32:41.000,4,1932
Seiichiro TSUDA,JPN,02:35:42.000,5,1932
KIN Onbai,JPN,02:37:28.000,6,1932
Whitey MICHELSEN,USA,02:39:38.000,7,1932
Oskar HEKS,TCH,02:41:35.000,8,1932
GON Taika,JPN,02:42:52.000,9,1932
Anders Hartington ANDERSEN,DEN,02:44:38.000,10,1932
Hans OLDAG,USA,02:47:26.000,11,1932
Cliff BRICKER,CAN,02:47:58.000,12,1932
Michele FANELLI,ITA,02:49:09.000,13,1932
John C. MILES,CAN,02:50:32.000,14,1932
Paul DE BRUYN,GER,02:52:39.000,15,1932
François BEGEOT,FRA,02:53:34.000,16,1932
Fernando CHACARELLI,ARG,02:55:49.000,17,1932
Eddie CUDWORTH,CAN,02:58:35.000,18,1932
João Clemente DA SILVA,BRA,03:02:06.000,19,1932
Margarito POMPOSO BANOS,MEX,03:10:51.000,20,1932
Kitei SON,JPN,02:29:19.200,1,1936
Ernest HARPER,GBR,02:31:23.200,2,1936
NAN Shoryu,JPN,02:31:42.000,3,1936
Erkki Jaakko TAMILA,FIN,02:32:45.000,4,1936
Väinö MUINONEN,FIN,02:33:46.000,5,1936
Johannes Lodewyk COLEMAN,RSA,02:36:17.000,6,1936
Donald Mcnab ROBERTSON,GBR,02:37:06.200,7,1936
Henry Alfred GIBSON,RSA,02:38:04.000,8,1936
Mauno Asarias TARKIAINEN,FIN,02:39:33.000,9,1936
Thore ENOCHSSON,SWE,02:43:12.000,10,1936
Stelios KYRIAKIDIS,GRE,02:43:20.000,11,1936
Nouba KHALEB,FRA,02:45:34.000,12,1936
Henry PALME,SWE,02:46:08.400,13,1936
Franz TUSCHEK,AUT,02:46:29.000,14,1936
Jimmy BARTLETT,CAN,02:48:21.400,15,1936
François DUVAL,FRA,02:48:39.800,16,1936
Manuel DIAS,POR,02:49:00.000,17,1936
John Adelbert KELLEY,USA,02:49:32.400,18,1936
Miloslav LUNAK,TCH,02:50:26.000,19,1936
Felix MEEKENS,BEL,02:51:19.000,20,1936
Jan TAKAC,TCH,02:51:20.000,21,1936
Rudolf WÖBER,AUT,02:51:28.000,22,1936
Ludovic GALL,ROU,02:55:02.000,23,1936
Robert NEVENS,BEL,02:55:51.000,24,1936
Anders Hartington ANDERSEN,DEN,02:56:31.000,25,1936
Gabriel MENDOZA,PER,02:57:17.800,26,1936
Thomas Forcer LALANDE,RSA,02:57:20.000,27,1936
Arturs MOTTMILLERS,LAT,02:58:02.000,28,1936
Eduard BRASECKE,GER,02:59:33.400,29,1936
Percival WYER,CAN,03:00:11.000,30,1936
Fernand LEHEURTEUR,FRA,03:01:11.000,31,1936
Wilhelm ROTHMAYER,AUT,03:02:32.000,32,1936
Bronislaw GANCARZ,POL,03:03:11.000,33,1936
Max BEER,SUI,03:06:26.000,34,1936
Guillermo SUAREZ,PER,03:08:18.000,35,1936
Boris HARALAMPIEV,BUL,03:08:53.800,36,1936
Arul C.S. SWAMI,IND,03:10:44.000,37,1936
Josef SULC,TCH,03:11:47.400,38,1936
Franz EHA,SUI,03:18:17.000,39,1936
Zhenglin WANG,CHN,03:25:36.400,40,1936
Stane SPORN,YUG,03:30:47.000,41,1936
José FARIAS RIOS,PER,03:33:24.000,42,1936
Delfo CABRERA,ARG,02:34:51.600,1,1948
Thomas John Henry RICHARDS,GBR,02:35:07.600,2,1948
Etienne GAILLY,BEL,02:35:33.600,3,1948
Johannes Lodewyk COLEMAN,RSA,02:36:06.000,4,1948
Eusebio C. GUINEZ,ARG,02:36:36.000,5,1948
Thomas Sidney Andrew LUYT,RSA,02:38:11.000,6,1948
Gustav ÖSTLING,SWE,02:38:40.600,7,1948
John SYSTAD,NOR,02:38:41.000,8,1948
Alberto SENSINI,ARG,02:39:30.000,9,1948
Henning Karl LARSEN,DEN,02:41:22.000,10,1948
Viljo HEINO,FIN,02:41:32.000,11,1948
Anders MELIN,SWE,02:42:20.000,12,1948
Jussi KURIKKALA,FIN,02:42:48.000,13,1948
Theodore John VOGEL,USA,02:45:27.000,14,1948
Enrique INOSTROZA,CHI,02:47:48.000,15,1948
Lloyd EVANS,CAN,02:48:07.000,16,1948
Gerard COTE,CAN,02:48:31.000,17,1948
Stelios KYRIAKIDIS,GRE,02:49:00.000,18,1948
Jozsef KISS,HUN,02:50:20.000,19,1948
Şevki KORU,TUR,02:51:07.000,20,1948
John Adelbert KELLEY,USA,02:51:56.000,21,1948
Kaspar SCHIESSER,SUI,02:52:09.000,22,1948
Walter A. FEDORICK,CAN,02:52:12.000,23,1948
Aulis Olavi MANNINEN,USA,02:56:49.000,24,1948
Chong-Oh HONG,KOR,02:56:54.000,25,1948
Frank MULVIHILL,IRL,02:57:35.000,26,1948
Yun-Bok SU,KOR,02:59:36.000,27,1948
Sven HAKANSSON,SWE,03:00:09.000,28,1948
Jakob JUTZ,SUI,03:03:55.000,29,1948
Stanley F. JONES,GBR,03:09:16.000,30,1948
Emil ZATOPEK,TCH,02:23:03.200,1,1952
Reinaldo GORNO,ARG,02:25:35.000,2,1952
Gustaf JANSSON,SWE,02:26:07.000,3,1952
Yoon-Chil CHOI,KOR,02:26:36.000,4,1952
Veikko Leo KARVONEN,FIN,02:26:41.800,5,1952
Delfo CABRERA,ARG,02:26:42.400,6,1952
Jozsef DOBRONYI,HUN,02:28:04.800,7,1952
Erkki Mikael PUOLAKKA,FIN,02:29:35.000,8,1952
Geoffrey Lionel IDEN,GBR,02:30:42.000,9,1952
Wallace Henry HAYWARD,RSA,02:31:50.200,10,1952
Thomas Sidney Andrew LUYT,RSA,02:32:41.000,11,1952
Gustav ÖSTLING,SWE,02:32:48.400,12,1952
Victor F. DYRGALL,USA,02:32:52.400,13,1952
Luis CELEDON,CHI,02:33:45.800,14,1952
Janus VAN DER ZANDE,NED,02:33:50.000,15,1952
Viktor OLSEN,NOR,02:33:58.400,16,1952
Mikko HIETANEN,FIN,02:34:01.000,17,1952
Charles Paul DEWACHTERE,BEL,02:34:32.000,18,1952
William Charles KEITH,RSA,02:34:38.000,19,1952
Yakov MOSKACHENKOV,URS,02:34:43.800,20,1952
Mihaly ESZTERGOMI,HUN,02:35:10.000,21,1952
Doroteo FLORES,GUA,02:35:40.000,22,1952
Jean Maurice SIMONET,BEL,02:35:43.000,23,1952
Jacob KJERSEM,NOR,02:36:14.000,24,1952
Katsuo NISHIDA,JPN,02:36:19.000,25,1952
Keizo YAMADA,JPN,02:38:11.200,26,1952
Feodosi VANIN,URS,02:38:22.000,27,1952
Grigory SUCHKOV,URS,02:38:28.800,28,1952
Henry NORRSTROM,SWE,02:38:57.400,29,1952
Dietrich (Dieter) ENGELHARDT,GER,02:39:37.200,30,1952
Dinu CRISTEA,ROU,02:39:42.200,31,1952
Jean LEBLOND,BEL,02:40:37.000,32,1952
Choong-Sik CHOI,KOR,02:41:23.000,33,1952
John SYSTAD,NOR,02:41:29.800,34,1952
Jaroslav SOUREK,TCH,02:41:40.400,35,1952
Tom JONES,USA,02:42:50.000,36,1952
Bob PRENTICE,AUS,02:43:13.400,37,1952
Muhammad Havildar ASLAM,PAK,02:43:38.200,38,1952
Adolf GRUBER,AUT,02:45:02.000,39,1952
Paul Albert COLLINS,CAN,02:45:58.000,40,1952
Vasile TEODOSIU,ROU,02:46:00.800,41,1952
Erik Gunnar SIMONSEN,DEN,02:46:41.400,42,1952
Ludwig WARNEMUNDE,GER,02:50:00.000,43,1952
Ted CORBITT,USA,02:51:09.000,44,1952
Claude SMEAL,AUS,02:52:23.000,45,1952
Asfo BUSSOTTI,ITA,02:52:55.000,46,1952
Winand OSINSKI,POL,02:54:38.200,47,1952
Svend Erik Olaf SORENSEN,DEN,02:55:21.000,48,1952
Joseph WEST,IRL,02:56:22.800,49,1952
Rudolf MORGENTHALER,SUI,02:56:33.000,50,1952
Hassan Abdel Gani ABDELFATTAH,EGY,02:56:56.000,51,1952
Surat SINGH MATUR,IND,02:58:09.200,52,1952
Artidoro BERTI,ITA,02:58:36.200,53,1952
Alain MIMOUN,FRA,02:25:00.000,1,1956
Franjo MIHALIC,YUG,02:26:32.000,2,1956
Veikko Leo KARVONEN,FIN,02:27:47.000,3,1956
Chang-Hoon LEE,KOR,02:28:45.000,4,1956
Yoshiaki KAWASHIMA,JPN,02:29:19.000,5,1956
Emil ZATOPEK,TCH,02:29:34.000,6,1956
Ivan FILIN,URS,02:30:37.000,7,1956
Evert NYBERG,SWE,02:31:12.000,8,1956
Thomas NILSSON,SWE,02:33:33.000,9,1956
Eino Ilmari OKSANEN,FIN,02:36:10.000,10,1956
Arnold VAIDE,SWE,02:36:21.000,11,1956
Choong-Sik CHOI,KOR,02:36:53.000,12,1956
Paavo Edvard KOTILA,FIN,02:38:59.000,13,1956
Mercer John DAVIES,RSA,02:39:48.000,14,1956
Henry John HICKS,GBR,02:39:55.000,15,1956
Hideo HAMAMURA,JPN,02:40:53.000,16,1956
Albert William RICHARDS,NZL,02:41:34.000,17,1956
John Frederick RUSSELL,AUS,02:41:44.000,18,1956
Lothar BECKERT,GER,02:42:10.000,19,1956
Nicholas COSTES,USA,02:42:20.000,20,1956
John Joseph KELLEY,USA,02:43:40.000,21,1956
Muhammad Havildar ASLAM,PAK,02:44:33.000,22,1956
Adolf GRUBER,AUT,02:46:20.000,23,1956
Aurele VAN DEN DRIESSCHE,BEL,02:47:18.000,24,1956
Keith OLLERENSHAW,AUS,02:48:12.000,25,1956
Naw MYINTUNG,MYA,02:49:32.000,26,1956
Pavel KANTOREK,TCH,02:52:05.000,27,1956
Kurt HARTUNG,GER,02:52:14.000,28,1956
Bashay FELEKE,ETH,02:53:37.000,29,1956
Abdul RASHID,PAK,02:57:47.000,30,1956
Kanuti SUM,KEN,02:58:42.000,31,1956
Gebre BIRKAY,ETH,02:58:49.000,32,1956
Kurao HIROSHIMA,JPN,03:04:17.000,33,1956
Abebe BIKILA,ETH,02:15:16.200,1,1960
Abdesiem RHADI BEN ABDESSELEM,MAR,02:15:41.600,2,1960
Arthur Barry MAGEE,NZL,02:17:18.200,3,1960
Konstantin VOROBYEV,URS,02:19:09.600,4,1960
Sergei POPOV,URS,02:19:18.800,5,1960
Thyge Pedersen THOGERSEN,DEN,02:21:03.400,6,1960
Abebe WAKGIRA,ETH,02:21:09.400,7,1960
Bakir BEN AISSA,MAR,02:21:21.400,8,1960
Osvaldo Roberto SUAREZ,ARG,02:21:26.600,9,1960
Franco SKRINJAR,YUG,02:21:40.200,10,1960
Nikolai RUMYANTSEV,URS,02:21:49.400,11,1960
Franjo MIHALIC,YUG,02:21:52.600,12,1960
Keith JAMES,RSA,02:22:58.600,13,1960
Pavel KANTOREK,TCH,02:22:59.800,14,1960
Gumersindo GOMEZ,ARG,02:23:00.000,15,1960
Denis O'GORMAN,GBR,02:24:16.200,16,1960
Miguel NAVARRO PALOS,ESP,02:24:17.400,17,1960
Jeffrey Lynn JULIAN,NZL,02:24:50.600,18,1960
John Joseph KELLEY,USA,02:24:58.000,19,1960
Chang-Hoon LEE,KOR,02:25:02.200,20,1960
Arnold VAIDE,SWE,02:25:40.200,21,1960
Gerald MCINTYRE,IRL,02:26:03.000,22,1960
Olavi MANNINEN,FIN,02:26:33.000,23,1960
Eino Ilmari OKSANEN,FIN,02:26:38.000,24,1960
Arthur Patrick KEILY,GBR,02:27:00.000,25,1960
Tor TORGERSEN,NOR,02:27:30.000,26,1960
Naw MYINTUNG,MYA,02:28:17.000,27,1960
Bruno BARTHOLOME,GER,02:28:39.000,28,1960
Brian Leonard KILBY,GBR,02:28:55.000,29,1960
Alexander Dalglish BRECKENRIDGE,USA,02:29:38.000,30,1960
Kurao HIROSHIMA,JPN,02:29:40.000,31,1960
Kazumi WATANABE,JPN,02:29:45.000,32,1960
Juan SILVA,CHI,02:31:18.000,33,1960
Alain MIMOUN,FRA,02:31:20.000,34,1960
Paul GENEVE,FRA,02:31:20.000,35,1960
Franciscus Josephus KUNEN,NED,02:31:25.000,36,1960
Ffancesco PERRONE,ITA,02:31:32.000,37,1960
Silvio DE FLORENTIIS,ITA,02:31:54.000,38,1960
Linus DIAZ,SRI,02:32:12.000,39,1960
Lal CHAND,IND,02:32:13.000,40,1960
Johannes LAURIDSEN,DEN,02:32:32.000,41,1960
Willie DUNNE,IRL,02:33:08.000,42,1960
Ian SINFIELD,AUS,02:34:16.000,43,1960
Arthur WITTWER,SUI,02:34:42.200,44,1960
Jagmal RAGHO,IND,02:35:01.000,45,1960
Npbuyoshi SADANAGA,JPN,02:35:11.000,46,1960
Sang-cheol LEE,KOR,02:35:14.000,47,1960
Gordon Edmund MCKENZIE,USA,02:35:16.000,48,1960
Ali BEN LABIDI,TUN,02:35:43.000,49,1960
Walter LEMOS,ARG,02:36:55.000,50,1960
Raymond Leslie PUCKETT,NZL,02:37:36.000,51,1960
Adolf GRUBER,AUT,02:37:40.000,52,1960
Antti VISKARI,FIN,02:38:06.000,53,1960
Allan LAWRENCE,AUS,02:38:46.000,54,1960
Gord DICKSON,CAN,02:38:46.000,55,1960
Lothar BECKERT,GER,02:40:10.000,56,1960
Gerhard HAVENSTEIN,GER,02:41:14.000,57,1960
Evert NYBERG,SWE,02:42:59.000,58,1960
Kanuti SUM,KEN,02:46:55.200,59,1960
Ranjit BHATIA,IND,02:57:06.000,60,1960
Allah SAOUDI,MAR,02:59:41.000,61,1960
Albert MASSAQUOI,LBR,03:43:18.000,62,1960
Abebe BIKILA,ETH,02:12:11.200,1,1964
Benjamin Basil HEATLEY,GBR,02:16:19.200,2,1964
Kokichi TSUBURAYA,JPN,02:16:22.800,3,1964
Brian Leonard KILBY,GBR,02:17:02.400,4,1964
Jozsef SUTO,HUN,02:17:55.800,5,1964
Leonard Graves EDELEN,USA,02:18:12.400,6,1964
Aurele VAN DEN DRIESSCHE,BEL,02:18:42.600,7,1964
Kenji KIMIHARA,JPN,02:19:49.000,8,1964
Ronald CLARKE,AUS,02:20:26.800,9,1964
Demisse WOLDE,ETH,02:21:25.200,10,1964
Sang-Hoon LEE,KOR,02:22:02.800,11,1964
Bakir BEN AISSA,MAR,02:22:27.000,12,1964
Eino Ilmari OKSANEN,FIN,02:22:36.000,13,1964
Billy MILLS,USA,02:22:55.400,14,1964
Toru TERASAWA,JPN,02:23:09.000,15,1964
Yun-Bum KIM,KOR,02:24:40.600,16,1964
Giorgio JEGHER,ITA,02:24:45.200,17,1964
Vaclav CHUDOMEL,TCH,02:24:46.800,18,1964
Ronald HILL,GBR,02:25:34.400,19,1964
Paavo Kalervo PYYSTYNEN,FIN,02:26:00.600,20,1964
Fidel NEGRETE GAMBOA,MEX,02:26:07.000,21,1964
Nikolai TIKHOMIROV,URS,02:26:07.400,22,1964
Peter Joseph MCARDLE,USA,02:26:24.400,23,1964
Heinrich HAGEN,GER,02:26:39.800,24,1964
Pavel KANTOREK,TCH,02:26:47.200,25,1964
Nikolai ABRAMOV,URS,02:27:09.400,26,1964
Raymond Leslie PUCKETT,NZL,02:27:34.000,27,1964
Eino Olavi VALLE,FIN,02:27:34.800,28,1964
Jeffrey Lynn JULIAN,NZL,02:27:57.600,29,1964
Ricardo VIDAL,CHI,02:28:01.600,30,1964
Robert Andrew VAGG,AUS,02:28:41.000,31,1964
Guido VOGELE,SUI,02:29:17.800,32,1964
Balkrishan AKOTKAR,IND,02:29:27.400,33,1964
Jean ANISET,LUX,02:29:52.600,34,1964
Sumbwegam THIN,MYA,02:30:35.800,35,1964
Constantin GRECESCU,ROU,02:30:42.600,36,1964
Janos PINTER,HUN,02:30:50.200,37,1964
Gerhard HONICKE,GER,02:33:23.000,38,1964
Manfred NAUMANN,GER,02:33:42.000,39,1964
Antonio AMBU,ITA,02:34:37.600,40,1964
Oscar LEUPI,SUI,02:35:05.400,41,1964
Ivan KEATS,NZL,02:36:16.800,42,1964
Harbans LAL,IND,02:37:05.800,43,1964
Armando ALDEGALEGA,POR,02:38:02.200,44,1964
Chrisantus NYAKWAYO,KEN,02:38:38.600,45,1964
Constantino KAPAMBWE,ZAM,02:39:28.400,46,1964
Omari ABDALLAH,TAN,02:40:06.000,47,1964
Muhammad YOUSSEF,PAK,02:40:46.000,48,1964
Nabiba Naftali TEMU,KEN,02:40:46.600,49,1964
Hyeong-gyeol JU,KOR,02:41:08.200,50,1964
Mathias KANDA,ZIM,02:41:09.000,51,1964
Anthony COOK,AUS,02:42:03.600,52,1964
Victor PERALTA JIMENEZ,MEX,02:44:23.600,53,1964
Trev HAYNES,ZAM,02:45:08.600,54,1964
Abraham FORNES,PUR,02:46:22.600,55,1964
Robson MROMBE,ZIM,02:49:30.800,56,1964
Laurent Daniel CHIFITA,ZAM,02:51:53.200,57,1964
Chanom SIRIRANGSRI,THA,02:59:25.600,58,1964
Mamo WOLDE,ETH,02:20:26.400,1,1968
Kenji KIMIHARA,JPN,02:23:31.000,2,1968
Michael Robert RYAN,NZL,02:23:45.000,3,1968
Ismail AKCAY,TUR,02:25:18.800,4,1968
William Arthur ADCOCKS,GBR,02:25:33.000,5,1968
Gebru MERAWI,ETH,02:27:16.800,6,1968
Derek CLAYTON,AUS,02:27:23.800,7,1968
Timothy Frederick JOHNSTON,GBR,02:28:04.400,8,1968
Akio USAMI,JPN,02:28:06.200,9,1968
Andrew BOYCHUK,CAN,02:28:40.200,10,1968
Gaston ROELANTS,BEL,02:29:04.800,11,1968
Patrick Joseph MCMAHON,IRL,02:29:21.000,12,1968
Alfredo PENALOZA,MEX,02:29:48.800,13,1968
Kenneth Clark MOORE,USA,02:29:49.400,14,1968
Jürgen BUSCH,GDR,02:30:42.600,15,1968
George L. YOUNG,USA,02:31:15.000,16,1968
Manfred STEFFNY,FRG,02:31:23.800,17,1968
Sumbwegam THIN,MYA,02:32:22.000,18,1968
Nabiba Naftali TEMU,KEN,02:32:36.000,19,1968
Maurice PEIREN,BEL,02:32:49.000,20,1968
Antonio AMBU,ITA,02:33:19.600,21,1968
Ronald H. DAWS,USA,02:33:53.000,22,1968
Karlheinz SIEVERS,FRG,02:34:11.800,23,1968
Gyula TOTH,HUN,02:34:49.000,24,1968
Huseyin AKTAS,TUR,02:35:09.500,25,1968
Pablo GARRIDO LUGO,MEX,02:35:47.800,26,1968
Adrianus Johannes STEYLEN,NED,02:37:42.000,27,1968
Anatoli SUKHARKOV,URS,02:38:07.400,28,1968
Myung-Jung LEE,KOR,02:38:52.200,29,1968
Ivaylo SHARANKOV,BUL,02:39:49.600,30,1968
Gioacchino DE PALMA,ITA,02:39:58.200,31,1968
Josef GWERDER,SUI,02:40:16.000,32,1968
Hubert RIESNER,FRG,02:41:29.000,33,1968
Georg Bruno Meyer OLSEN,DEN,02:42:24.600,34,1968
Douglas ZINKALA,ZAM,02:42:51.000,35,1968
Ezequiel BAEZA,CHI,02:43:15.600,36,1968
David Closs MCKENZIE,NZL,02:43:36.600,37,1968
Bong-Lee KIM,KOR,02:43:56.000,38,1968
Carlos CUQUE,GUA,02:45:20.400,39,1968
Godwin KALIMBWE,ZAM,02:45:26.800,40,1968
Michael MOLLOY,IRL,02:48:13.600,41,1968
Nikolai SIMEONOV,BUL,02:48:30.400,42,1968
John FARRINGTON,AUS,02:50:16.800,43,1968
Helmut KUNISCH,SUI,02:50:58.200,44,1968
Albert MASSAQUOI,SLE,02:52:28.000,45,1968
Sang-Hoon LEE,KOR,02:52:46.200,46,1968
Thein HLA,MYA,02:54:03.600,47,1968
Paul MOSE,KEN,02:55:17.000,48,1968
Benjamin SILVA-NETTO,PHI,02:56:19.400,49,1968
Harry PROWELL,GUY,02:57:01.400,50,1968
Wimalasena PERERA,SRI,02:59:05.800,51,1968
Fulgencio HERNANDEZ CAR,GUA,03:00:40.200,52,1968
Gustavo GUTIERREZ,ECU,03:03:07.000,53,1968
Martin ANDE,NGR,03:03:47.600,54,1968
Mustafa MUSA,UGA,03:04:53.800,55,1968
Enoch MUEMBA,ZAM,03:06:16.000,56,1968
John STEPHEN AKHWARI,TAN,03:25:17.000,57,1968
Frank Charles SHORTER,USA,02:12:19.800,1,1972
Karel LISMONT,BEL,02:14:31.800,2,1972
Mamo WOLDE,ETH,02:15:08.400,3,1972
Kenneth Clark MOORE,USA,02:15:39.800,4,1972
Kenji KIMIHARA,JPN,02:16:27.000,5,1972
Ronald HILL,GBR,02:16:30.600,6,1972
Don MACGREGOR,GBR,02:16:34.400,7,1972
Jack FOSTER,NZL,02:16:56.200,8,1972
Jack Stangl BACHELER,USA,02:17:38.200,9,1972
Lengissa BEDANE,ETH,02:18:36.800,10,1972
Seppo Olavi NIKKARI,FIN,02:18:49.400,11,1972
Akio USAMI,JPN,02:18:58.000,12,1972
Derek CLAYTON,AUS,02:19:49.600,13,1972
Yuri VELIKORODNYKH,URS,02:20:02.200,14,1972
Anatolijus BARANOVAS,URS,02:20:10.400,15,1972
Paul ANGENVOORTH,FRG,02:20:19.000,16,1972
Richard MABUSA,SWZ,02:20:39.600,17,1972
Demisse WOLDE,ETH,02:20:44.000,18,1972
Reino Ensio PAUKKONEN,FIN,02:21:06.400,19,1972
Colin KIRKHAM,GBR,02:21:54.800,20,1972
Antonio BRUTTI,ITA,02:22:12.000,21,1972
David Closs MCKENZIE,NZL,02:22:19.200,22,1972
Daniel MCDAID,IRL,02:22:25.200,23,1972
Renato MARTINI,ITA,02:22:41.400,24,1972
Eckhard LESSE,GDR,02:22:49.600,25,1972
Jacinto SABINAL,MEX,02:22:56.600,26,1972
Gyula TOTH,HUN,02:22:59.800,27,1972
Fernand KOLBECK,FRA,02:23:01.200,28,1972
Hernan BARRENECHE,COL,02:23:40.000,29,1972
Jorgen Pilegaard JENSEN,DEN,02:24:00.200,30,1972
Manfred STEFFNY,FRG,02:24:25.400,31,1972
Lutz PHILIPP,FRG,02:24:25.400,32,1972
Ferenc SZEKERES,HUN,02:25:17.600,33,1972
Terence MANNERS,NZL,02:25:29.200,34,1972
Igor SHCHERBAK,URS,02:25:37.400,35,1972
Yoshiaki UNETANI,JPN,02:25:59.000,36,1972
Chang-son KIM,PRK,02:26:45.600,37,1972
Francesco DE MENEGO,ITA,02:26:52.200,38,1972
Agustin FERNANDEZ DIAZ,ESP,02:27:14.200,39,1972
Edward STAWIARZ,POL,02:28:12.400,40,1972
Armando ALDEGALEGA,POR,02:28:24.600,41,1972
Desmond MCGANN,IRL,02:28:31.600,42,1972
Carlos CUQUE,GUA,02:28:37.000,43,1972
Alfons SIDLER,SUI,02:29:09.200,44,1972
Alfredo PENALOZA,MEX,02:29:51.000,45,1972
Walter VAN RENTERGHEM,BEL,02:29:58.400,46,1972
Donie WALSH,IRL,02:31:12.000,47,1972
Alvaro MEJIA FLORES,COL,02:31:56.400,48,1972
Man Hyong RYU,PRK,02:32:29.400,49,1972
Carlos PEREZ ALONSO,ESP,02:33:22.600,50,1972
Rafael TADEO POLOMARES,MEX,02:35:48.400,51,1972
Víctor MORA,COL,02:37:34.600,52,1972
Fernando MOLINA,ARG,02:38:18.600,53,1972
Julio F. QUEVEDO ELIAS,GUA,02:40:38.600,54,1972
Ramon CABRERA,ARG,02:42:37.200,55,1972
Matthews KAMBALE,MAW,02:45:50.000,56,1972
Thein HLA,MYA,02:48:53.200,57,1972
Ricardo CONDORRI,BOL,02:56:11.400,58,1972
Fulgence RWABU,UGA,02:57:04.400,59,1972
Bhakta Bahadur SAPKOTA,NEP,02:57:58.800,60,1972
Crispin QUISPE,BOL,03:07:22.800,61,1972
Maurice CHARLOTIN,HAI,03:29:21.000,62,1972
Waldemar CIERPINSKI,GDR,02:09:55.000,1,1976
Frank Charles SHORTER,USA,02:10:45.800,2,1976
Karel LISMONT,BEL,02:11:12.600,3,1976
Donald Franklin KARDONG,USA,02:11:15.800,4,1976
Lasse VIRÉN,FIN,02:13:10.800,5,1976
Jerome DRAYTON,CAN,02:13:30.000,6,1976
Leonid MOSEYEV,URS,02:13:33.400,7,1976
Franco FAVA,ITA,02:14:24.600,8,1976
Aleksandr GOTSKY,URS,02:15:34.000,9,1976
Rik SCHOOFS,BEL,02:15:52.400,10,1976
Singh SINGH,IND,02:16:22.000,11,1976
Sop-choe CHANG,PRK,02:16:33.200,12,1976
Massimo MAGNANI,ITA,02:16:56.400,13,1976
Goran BENGTSSON,SWE,02:17:39.600,14,1976
Kazimierz ORZEL,POL,02:17:43.400,15,1976
Hakan SPIK,FIN,02:17:50.600,16,1976
Jack FOSTER,NZL,02:17:53.400,17,1976
Mario CUEVAS,MEX,02:18:08.800,18,1976
Rodolfo GOMEZ,MEX,02:18:21.200,19,1976
Shigeru SO,JPN,02:18:26.000,20,1976
Moriyasu MIZUKAMI,JPN,02:18:44.200,21,1976
Ana Cleto Pereira PINTO,POR,02:18:53.400,22,1976
Jose DE JESUS,PUR,02:19:34.800,23,1976
Yuri VELIKORODNYKH,URS,02:19:45.600,24,1976
Josephus J.M. HERMENS,NED,02:19:48.200,25,1976
George Jeffery NORMAN,GBR,02:20:04.800,26,1976
Jukka Olavi TOIVOLA,FIN,02:20:26.600,27,1976
Jorgen Pilegaard JENSEN,DEN,02:20:44.600,28,1976
Mikhail KOUSSIS,GRE,02:21:42.000,29,1976
Thomas HOWARD,CAN,02:22:08.800,30,1976
Keith ANGUS,GBR,02:22:18.600,31,1976
Akio USAMI,JPN,02:22:29.600,32,1976
Rigoberto MENDOZA PEREZ,CUB,02:22:43.200,33,1976
Fernand KOLBECK,FRA,02:22:56.800,34,1976
Christopher WARDLAW,AUS,02:23:56.800,35,1976
Wayne YETMAN,CAN,02:24:17.400,36,1976
Huseyin AKTAS,TUR,02:24:30.000,37,1976
Veli BALLI,TUR,02:24:47.000,38,1976
James MCNAMARA,IRL,02:24:57.200,39,1976
William Henry RODGERS,USA,02:25:14.800,40,1976
Hipolito LOPEZ,HON,02:26:00.000,41,1976
Daniel MCDAID,IRL,02:27:07.200,42,1976
Eusebio CARDOZO,PAR,02:27:22.800,43,1976
Chang-son KIM,PRK,02:27:38.800,44,1976
Barrington WATSON,GBR,02:28:32.200,45,1976
Agustin FERNANDEZ DIAZ,ESP,02:28:37.800,46,1976
Jerzy GROS,POL,02:28:45.800,47,1976
Jairo CUBILLOS RAMIREZ,COL,02:29:04.400,48,1976
Luis Antonio RAUDALES,HON,02:29:25.000,49,1976
Baikuntha MANANDHAR,NEP,02:30:07.000,50,1976
Antonio BANOS ALONSO,ESP,02:31:01.600,51,1976
Chun-son KOH,PRK,02:31:54.800,52,1976
Victor SERRANO,PUR,02:34:59.600,53,1976
Günther MIELKE,FRG,02:35:44.800,54,1976
Nigel CUSACK,IRL,02:35:47.200,55,1976
Tau John TOKWEPOTA,PNG,02:38:04.600,56,1976
Victor IDAVA,PHI,02:38:23.200,57,1976
Raymond SWAN,BER,02:39:18.400,58,1976
John KOKINAI,PNG,02:41:49.000,59,1976
Lucio GUACHALLA,BOL,02:45:31.800,60,1976
Waldemar CIERPINSKI,GDR,02:11:03.000,1,1980
Gerard NIJBOER,NED,02:11:20.000,2,1980
Setymkul DZHUMANAZAROV,URS,02:11:35.000,3,1980
Vladimir KOTOV,URS,02:12:05.000,4,1980
Leonid MOSEYEV,URS,02:12:14.000,5,1980
Rodolfo GOMEZ,MEX,02:12:39.000,6,1980
Dereje NEDI,ETH,02:12:44.000,7,1980
Massimo MAGNANI,ITA,02:13:12.000,8,1980
Karel LISMONT,BEL,02:13:27.000,9,1980
Rob DE CASTELLA,AUS,02:14:31.000,10,1980
Joachim TRUPPEL,GDR,02:14:55.000,11,1980
Ferenc SZEKERES,HUN,02:15:18.000,12,1980
Mark SMET,BEL,02:16:00.000,13,1980
Emmanuel NDIEMANDOI,TAN,02:16:47.000,14,1980
Gidemas SHAHANGA,TAN,02:16:47.000,15,1980
Ana Cleto Pereira PINTO,POR,02:17:04.000,16,1980
Domingo TIBADUIZA REYES,COL,02:17:06.000,17,1980
Rik SCHOOFS,BEL,02:17:28.000,18,1980
Kjell-Erik STAHL,SWE,02:17:44.000,19,1980
Mikhail KOUSSIS,GRE,02:18:02.000,20,1980
Jurgen EBERDING,GDR,02:18:04.000,21,1980
Eleuterio ANTON,ESP,02:18:16.000,22,1980
Leodigard MARTIN,TAN,02:18:21.000,23,1980
Moges ALEMAYEHU,ETH,02:18:40.000,24,1980
Jules RANDRIANARIVELO,MAD,02:19:23.000,25,1980
Zbigniew PIERZYNKA,POL,02:20:03.000,26,1980
Chun-son KOH,PRK,02:20:08.000,27,1980
Christopher WARDLAW,AUS,02:20:42.000,28,1980
Jong Hyong LI,PRK,02:21:10.000,29,1980
Tommy PERSSON,SWE,02:21:11.000,30,1980
Hari CHAND,IND,02:22:08.000,31,1980
Hakan SPIK,FIN,02:22:24.000,32,1980
Sop-choe CHANG,PRK,02:22:42.000,33,1980
Luis BARBOSA,COL,02:22:58.000,34,1980
Marco MARCHEI,ITA,02:23:21.000,35,1980
Vincent RAKABAELE,LES,02:23:29.000,36,1980
Baikuntha MANANDHAR,NEP,02:23:51.000,37,1980
Richard HOOPER,IRL,02:23:53.000,38,1980
Josef STEINER,AUT,02:24:24.000,39,1980
Ulise Joseph Peter DESJARDINS,SUI,02:24:53.000,40,1980
Cor VRIEND,NED,02:26:41.000,41,1980
Patrick HOOPER,IRL,02:30:28.000,42,1980
Buumba Gabriel HALWAND,ZAM,02:36:51.000,43,1980
Issa CHETOUI,LBA,02:38:01.000,44,1980
Mukundahari SHRESTHA,NEP,02:38:52.000,45,1980
Baba Ibrahim SUMA-KEITA,SLE,02:41:20.000,46,1980
Soe KHIN,MYA,02:41:41.000,47,1980
Damiano Musonda MUSONDA,ZAM,02:42:11.000,48,1980
Enemri Najem AL-MARGHANI,LBA,02:42:27.000,49,1980
Quyen NGUYEN,VIE,02:44:37.000,50,1980
Tapfumaneyi JONGA,ZIM,02:47:17.000,51,1980
Emmanuel MPIOH,CGO,02:48:17.000,52,1980
Abel NKHOMA,ZIM,02:53:35.000,53,1980
Carlos LOPES,POR,02:09:21.000,1,1984
John TREACY,IRL,02:09:56.000,2,1984
Charles SPEDDING,GBR,02:09:58.000,3,1984
Takeshi SO,JPN,02:10:55.000,4,1984
Rob DE CASTELLA,AUS,02:11:09.000,5,1984
Juma IKANGAA,TAN,02:11:10.000,6,1984
Joseph NZAU,KEN,02:11:28.000,7,1984
Djama ROBLEH,DJI,02:11:39.000,8,1984
Jeremy KIERNAN,IRL,02:12:20.000,9,1984
Rodney DIXON,NZL,02:12:57.000,10,1984
Peter Dickson PFITZINGER,USA,02:13:53.000,11,1984
Robin Evan Hugh JONES,GBR,02:13:57.000,12,1984
Jorge GONZALEZ RIVERA,PUR,02:14:00.000,13,1984
Toshihiko SEKO,JPN,02:14:13.000,14,1984
Alberto Bauday SALAZAR,USA,02:14:19.000,15,1984
Mehmet TERZI,TUR,02:14:20.000,16,1984
Shigeru SO,JPN,02:14:38.000,17,1984
Ralf SALZMANN,FRG,02:15:29.000,18,1984
Henrik Hove JORGENSEN,DEN,02:15:55.000,19,1984
Hussein AHMED SALAH,DJI,02:15:59.000,20,1984
Agapius AMO,TAN,02:16:25.000,21,1984
Gidemas SHAHANGA,TAN,02:16:27.000,22,1984
Eloi SCHLEDER,BRA,02:16:35.000,23,1984
Karel LISMONT,BEL,02:17:07.000,24,1984
Allan ZACKARIASEN,DEN,02:17:10.000,25,1984
Mikhail KOUSSIS,GRE,02:17:38.000,26,1984
Pertti TIAINEN,FIN,02:17:43.000,27,1984
Alain LAZARE,FRA,02:17:52.000,28,1984
Vincent RUGUGA,UGA,02:17:54.000,29,1984
Armand PARMENTIER,BEL,02:18:10.000,30,1984
Cesar MERCADO,PUR,02:19:09.000,31,1984
Abdillahi CHARMAKÉ,DJI,02:19:11.000,32,1984
Oyvind DAHL,NOR,02:19:28.000,33,1984
Derek FROUDE,NZL,02:19:44.000,34,1984
Giovanni D'ALEO,ITA,02:20:12.000,35,1984
Jesus HERRERA,MEX,02:20:33.000,36,1984
Hong-Yul LEE,KOR,02:20:56.000,37,1984
Juan Rodrigo CAMACHO,BOL,02:21:04.000,38,1984
Cor VRIEND,NED,02:21:08.000,39,1984
Frans NTAOLE,LES,02:21:09.000,40,1984
Johan GEIRNAERT,BEL,02:21:35.000,41,1984
Jacques BOXBERGER,FRA,02:22:00.000,42,1984
Marco MARCHEI,ITA,02:22:38.000,43,1984
Arthur BOILEAU,CAN,02:22:43.000,44,1984
Samuel HLAWE,SWZ,02:22:45.000,45,1984
Baikuntha MANANDHAR,NEP,02:22:51.000,46,1984
Ahmed Mohamed ISMAIL,SOM,02:23:27.000,47,1984
Hong-Nak CHAE,KOR,02:23:33.000,48,1984
Joseph MAISIBA-OTIENO,KEN,02:24:13.000,49,1984
Bruno LAFRANCHI,SUI,02:24:38.000,50,1984
Richard HOOPER,IRL,02:24:41.000,51,1984
Derek ADAMSON,JAM,02:25:02.000,52,1984
Claudio CABAN,PUR,02:27:16.000,53,1984
Marc AGOSTA,LUX,02:27:41.000,54,1984
Wilson THELESO,BOT,02:29:20.000,55,1984
Alejandro SILVA,CHI,02:29:53.000,56,1984
Chang-Ming CHEN,TPE,02:29:57.000,57,1984
Won-Sick KIM,KOR,02:30:57.000,58,1984
Ruben AGUILAR,ARG,02:31:18.000,59,1984
Shemtov SABAG,ISR,02:31:34.000,60,1984
Vincent RAKABAELE,LES,02:32:15.000,61,1984
Marios KASSIANIDIS,CYP,02:32:51.000,62,1984
Arjun PANDIT,NEP,02:32:53.000,63,1984
Ismael Mahmoud GHASSAB,JOR,02:33:30.000,64,1984
Alain BORDELEAU,CAN,02:34:27.000,65,1984
Tau John TOKWEPOTA,PNG,02:36:36.000,66,1984
Patrick NYAMBARIRO-NHAURO,ZIM,02:37:18.000,67,1984
Kimurgor NGENY,KEN,02:37:19.000,68,1984
Amira Prasad YADAV,NEP,02:38:10.000,69,1984
Adolphe AMBOWODE,CAF,02:41:26.000,70,1984
Carlos AVILA,HON,02:42:03.000,71,1984
Jules RANDRIANARIVELO,MAD,02:43:05.000,72,1984
Abdul Lahij AHMED,SOM,02:44:39.000,73,1984
George MAMBOSASA,MAW,02:46:14.000,74,1984
Marlon Selwyn WILLIAMS,ISV,02:46:50.000,75,1984
Johnson MBANGIWA,BOT,02:48:12.000,76,1984
Leonardo ILLUT,PHI,02:49:39.000,77,1984
Dieudonne LAMOTHE,HAI,02:52:18.000,78,1984
Gelindo BORDIN,ITA,02:10:32.000,1,1988
Douglas WAKIIHURI,KEN,02:10:47.000,2,1988
Hussein AHMED SALAH,DJI,02:10:59.000,3,1988
Takeyuki NAKAYAMA,JPN,02:11:05.000,4,1988
Stephen MONEGHETTI,AUS,02:11:49.000,5,1988
Charles SPEDDING,GBR,02:12:19.000,6,1988
Juma IKANGAA,TAN,02:13:06.000,7,1988
Rob DE CASTELLA,AUS,02:13:07.000,8,1988
Toshihiko SEKO,JPN,02:13:41.000,9,1988
Ravil KASHAPOV,URS,02:13:49.000,10,1988
Jesus HERRERA,MEX,02:13:58.000,11,1988
John CAMPBELL,NZL,02:14:08.000,12,1988
Gerard NIJBOER,NED,02:14:40.000,13,1988
Peter Dickson PFITZINGER,USA,02:14:44.000,14,1988
Martin TEN KATE,NED,02:14:53.000,15,1988
Orlando PIZZOLATO,ITA,02:15:20.000,16,1988
Masanari SHINTAKU,JPN,02:15:42.000,17,1988
Won-Tak KIM,KOR,02:15:44.000,18,1988
Piergiovanni POLI,ITA,02:16:07.000,19,1988
Dieudonne LAMOTHE,HAI,02:16:15.000,20,1988
David LONG,GBR,02:16:18.000,21,1988
Henrik Hove JORGENSEN,DEN,02:16:40.000,22,1988
Ralf SALZMANN,FRG,02:16:54.000,23,1988
Richard HOOPER,IRL,02:17:16.000,24,1988
Miroslav VINDIS,YUG,02:17:47.000,25,1988
Shang-Yan CAI,CHN,02:17:54.000,26,1988
Joaquim SILVA,POR,02:18:05.000,27,1988
Arthur BOILEAU,CAN,02:18:20.000,28,1988
Ed EYESTONE,USA,02:19:09.000,29,1988
Noureddine SOBHI,MAR,02:19:56.000,30,1988
Jae-seong YU,KOR,02:20:11.000,31,1988
Mehmet TERZI,TUR,02:20:12.000,32,1988
Kevin FORSTER,GBR,02:20:45.000,33,1988
Bigboy Josie MATLAPENG,BOT,02:20:51.000,34,1988
Allaoua KHELLIL,ALG,02:21:12.000,35,1988
Justin GLODEN,LUX,02:22:14.000,36,1988
Alexandre GONZALEZ,FRA,02:22:24.000,37,1988
Guo-Wei ZHANG,CHN,02:22:49.000,38,1988
Pedro ORTIZ,COL,02:23:34.000,39,1988
Ronaldo LANZONI,CRC,02:23:45.000,40,1988
Bradley CAMP,AUS,02:23:49.000,41,1988
Adolphe AMBOWODE,CAF,02:23:52.000,42,1988
John BURRA,TAN,02:24:17.000,43,1988
Samuel HLAWE,SWZ,02:24:42.000,44,1988
Juan ANDRES,CRC,02:24:49.000,45,1988
Peter Kevin MAHER,CAN,02:24:49.000,46,1988
Abdou MANZO,NIG,02:25:05.000,47,1988
Diamantino DOS SANTOS,BRA,02:25:13.000,48,1988
Omar MOUSSA,DJI,02:25:25.000,49,1988
Carlos RETIZ,MEX,02:25:34.000,50,1988
Gary FANELLI,ASA,02:25:35.000,51,1988
John WOODS,IRL,02:25:38.000,52,1988
Gideon MTHEMBU,SWZ,02:25:56.000,53,1988
Baikuntha MANANDHAR,NEP,02:25:57.000,54,1988
Karel DAVID,TCH,02:26:12.000,55,1988
Ivo MACHADO RODRIGUES,BRA,02:26:27.000,56,1988
Martin MONDRAGON,MEX,02:27:10.000,57,1988
Vusie OLAMINI,SWZ,02:28:06.000,58,1988
Inni ABOUBACAR,NIG,02:28:15.000,59,1988
Yohanna WAZIRI,NGR,02:29:14.000,60,1988
Nqheku NTESO,LES,02:29:44.000,61,1988
Benjamin LONGIROS,UGA,02:30:29.000,62,1988
Vincent RUGUGA,UGA,02:31:04.000,63,1988
Alfonso ABELLAN LIMARES,ESP,02:31:10.000,64,1988
Vithanakande LEK SAMARASINGHE,SRI,02:31:29.000,65,1988
Tika BOGATI,NEP,02:31:49.000,66,1988
Dave EDGE,CAN,02:32:19.000,67,1988
Luis LOPEZ ROCER,CRC,02:32:43.000,68,1988
Juan Rodrigo CAMACHO,BOL,02:34:41.000,69,1988
Abbas MOHAMMED,NGR,02:35:26.000,70,1988
Ahmet ALTUN,TUR,02:37:44.000,71,1988
James GOMBEDZA,ZIM,02:38:13.000,72,1988
Kamana KOJI,COD,02:38:34.000,73,1988
Joao CARVALHO,ANG,02:40:45.000,74,1988
Aaron DUPNAI,PNG,02:41:47.000,75,1988
Bineshwar PRASAD,FIJ,02:41:50.000,76,1988
Calvin DALLAS,ISV,02:42:19.000,77,1988
Telesphore DUSABE,RWA,02:42:52.000,78,1988
Eugene MUSLAR,BIZ,02:43:29.000,79,1988
Hassan KARIMOU,NIG,02:43:51.000,80,1988
Wallace WILLIAMS,ISV,02:44:40.000,81,1988
Mohala MOHLOLO,LES,02:44:44.000,82,1988
Awadh Shaban AL-SAMEER,OMA,02:46:59.000,83,1988
Derek ADAMSON,JAM,02:47:57.000,84,1988
Krishna Bahadur BASNET,NEP,02:47:57.000,85,1988
Fred SCHUMANN,GUM,02:49:52.000,86,1988
John MWATHIWA,MAW,02:51:43.000,87,1988
Marlon Selwyn WILLIAMS,ISV,02:52:06.000,88,1988
Kaleka MUTOKE,COD,02:55:21.000,89,1988
James WALKER,GUM,02:56:32.000,90,1988
Mohiddin Mohamed KULMIYE,SOM,02:58:10.000,91,1988
Jackson Fred OGWANG,UGA,02:59:35.000,92,1988
Naser BABAPUR,IRI,03:00:20.000,93,1988
Ricardo Joseph TAITANO,GUM,03:03:19.000,94,1988
Baba Ibrahim SUMA-KEITA,SLE,03:04:00.000,95,1988
Alassane BAH,GUI,03:06:27.000,96,1988
Nguyen Van THUYET,VIE,03:10:57.000,97,1988
Polin BELISLE,BIZ,03:14:02.000,98,1988
Young-Cho HWANG,KOR,02:13:23.000,1,1992
Koichi MORISHITA,JPN,02:13:45.000,2,1992
Stephan Timo FREIGANG,GER,02:14:00.000,3,1992
Takeyuki NAKAYAMA,JPN,02:14:02.000,4,1992
Salvatore BETTIOL,ITA,02:14:15.000,5,1992
Salah KOKAICH,MAR,02:14:25.000,6,1992
Jan HURUK,POL,02:14:32.000,7,1992
Hiromi TANIGUCHI,JPN,02:14:42.000,8,1992
Diego GARCIA,ESP,02:14:56.000,9,1992
Jae-Yong KIM,KOR,02:15:01.000,10,1992
Harri Johannes HANNINEN,FIN,02:15:19.000,11,1992
Steven Anthony SPENCE,USA,02:15:21.000,12,1992
Ed EYESTONE,USA,02:15:23.000,13,1992
Boniface MERANDE,KEN,02:15:46.000,14,1992
Albert VAN VLAANDEREN,NED,02:15:47.000,15,1992
Rex Albert WILSON,NZL,02:15:51.000,16,1992
Robert KEMPAINEN,USA,02:15:53.000,17,1992
Rodrigo GAVELA RODRIGUEZ,ESP,02:16:23.000,18,1992
Karel DAVID,TCH,02:16:34.000,19,1992
Leszek BEBLO,POL,02:16:38.000,20,1992
Wieslaw PERSZKE,POL,02:16:38.000,21,1992
Iakov TOLSTIKOV,EUN,02:17:04.000,22,1992
Tena MEGERE,ETH,02:17:07.000,23,1992
Osmiro DE SOUZA SILVA,BRA,02:17:16.000,24,1992
Abel MOKIBE,RSA,02:17:24.000,25,1992
Rob DE CASTELLA,AUS,02:17:44.000,26,1992
Steve BRACE,GBR,02:17:49.000,27,1992
Wan-Ki KIM,KOR,02:18:32.000,28,1992
Jose Isidro RICO RANGEL,MEX,02:18:52.000,29,1992
Hussein AHMED SALAH,DJI,02:19:04.000,30,1992
Dominique CHAUVELIER,FRA,02:19:09.000,31,1992
Jose Esteban MONTIEL GOMEZ,ESP,02:19:15.000,32,1992
Thabiso Paul MOQHALI,LES,02:19:28.000,33,1992
Juma IKANGAA,TAN,02:19:34.000,34,1992
Derek FROUDE,NZL,02:19:37.000,35,1992
Douglas WAKIIHURI,KEN,02:19:38.000,36,1992
Ibrahim HUSSEIN,KEN,02:19:49.000,37,1992
Gyula BORKA,HUN,02:20:46.000,38,1992
David LONG,GBR,02:20:51.000,39,1992
Miroslav VINDIS,SLO,02:21:03.000,40,1992
Paul DAVIES-HALE,GBR,02:21:15.000,41,1992
Elphas GININDZA,SWZ,02:21:15.000,42,1992
Rolando VERA,ECU,02:21:30.000,43,1992
Alessio FAUSTINI,ITA,02:21:37.000,44,1992
Luis SOARES,FRA,02:21:57.000,45,1992
Paul KUETE,CMR,02:22:43.000,46,1992
Helmut SCHMUCK,AUT,02:23:38.000,47,1992
Stephen MONEGHETTI,AUS,02:23:42.000,48,1992
Konrad Waldemar DOBLER,GER,02:23:44.000,49,1992
Willy KALOMBO,COD,02:23:47.000,50,1992
John TREACY,IRL,02:24:11.000,51,1992
Herman SUIZO,PHI,02:25:18.000,52,1992
Kimball Peter REYNIERSE,ARU,02:25:31.000,53,1992
Nelson E. ZAMORA VILLALBA,URU,02:25:32.000,54,1992
Daniel BOLTZ,SUI,02:25:50.000,55,1992
Joseildo ROCHA DA SILVA,BRA,02:26:00.000,56,1992
Juan Rodrigo CAMACHO,BOL,02:26:01.000,57,1992
Cephas MATAFI,ZIM,02:26:17.000,58,1992
Mohamed SALMI,ALG,02:26:56.000,59,1992
Ildephonse SEHIRWA,RWA,02:27:44.000,60,1992
Zerehune GIZAW,ETH,02:28:25.000,61,1992
Jaime Enrique OJEDA PAREDES,CHI,02:28:39.000,62,1992
Smartex Godfrey TAMBALA,MAW,02:29:02.000,63,1992
Pascal ZILLIOX,FRA,02:30:02.000,64,1992
Luis LOPEZ ROCER,CRC,02:30:26.000,65,1992
Gian Luigi MACINA,SMR,02:30:45.000,66,1992
Abdou MANZO,NIG,02:31:15.000,67,1992
Roland WILLE,LIE,02:31:32.000,68,1992
Tuihaleni Frank KAYELE,NAM,02:31:41.000,69,1992
Haribahadur ROKAYA,NEP,02:32:26.000,70,1992
Kuruppu A. KARUNARATNE,SRI,02:32:26.000,71,1992
Thomas Joseph HUGHES,IRL,02:32:55.000,72,1992
William AGUIRRE,NCA,02:34:18.000,73,1992
Ferdinand AMADI,CAF,02:35:39.000,74,1992
Mohamed KHAMIS TAHER,LBA,02:35:46.000,75,1992
Dieudonne LAMOTHE,HAI,02:36:11.000,76,1992
Myint KAN,MYA,02:37:39.000,77,1992
Calvin DALLAS,ISV,02:38:11.000,78,1992
Saad Mubarak Ali ALI,BRN,02:39:19.000,79,1992
Okhyon RYU,PRK,02:40:51.000,80,1992
Alain Clerk RAZAHASOA,MAD,02:41:41.000,81,1992
Michael LOPEYOK,UGA,02:42:54.000,82,1992
Benjamin KELEKETU,BOT,02:45:57.000,83,1992
Moussa ALHARIRI,SYR,02:47:06.000,84,1992
Văn Hùng LƯU,VIE,02:56:42.000,85,1992
Hussein HALEEM,MDV,03:04:16.000,86,1992
Tuul PYAMBUUGIIN,MGL,04:00:44.000,87,1992
Josia THUGWANE,RSA,02:12:36.000,1,1996
Bong-Ju LEE,KOR,02:12:39.000,2,1996
Erick WAINAINA,KEN,02:12:44.000,3,1996
Martin FIZ,ESP,02:13:20.000,4,1996
Richard David NERURKAR,GBR,02:13:39.000,5,1996
German SILVA MARTINEZ,MEX,02:14:29.000,6,1996
Stephen MONEGHETTI,AUS,02:14:35.000,7,1996
Benjamin PAREDES,MEX,02:14:55.000,8,1996
Danilo GOFFI,ITA,02:15:08.000,9,1996
Luis Antonio DOS SANTOS,BRA,02:15:55.000,10,1996
Carlos Mario GRISALES,COL,02:15:56.000,11,1996
Yi-Yong KIM,KOR,02:16:17.000,12,1996
Tendai CHIMUSASA,ZIM,02:16:31.000,13,1996
Antonio PINTO,POR,02:16:41.000,14,1996
Dionicio CERON,MEX,02:16:48.000,15,1996
Willy KALOMBO,COD,02:17:01.000,16,1996
Leszek BEBLO,POL,02:17:04.000,17,1996
Alberto JUZDADO,ESP,02:17:24.000,18,1996
Hiromi TANIGUCHI,JPN,02:17:26.000,19,1996
Salvatore BETTIOL,ITA,02:17:27.000,20,1996
Peter FONSECA,CAN,02:17:28.000,21,1996
Rolando VERA,ECU,02:17:40.000,22,1996
Rod DE HIGHDEN,AUS,02:17:42.000,23,1996
Jose Luis MOLINA,CRC,02:17:49.000,24,1996
Domingos CASTRO,POR,02:18:03.000,25,1996
Tahar MANSOURI,TUN,02:18:06.000,26,1996
Lawrence PEU,RSA,02:18:09.000,27,1996
Keith BRANTLY,USA,02:18:17.000,28,1996
Thabiso RALEKHETLA,LES,02:18:26.000,29,1996
Hristo STEFANOV,BUL,02:18:29.000,30,1996
Robert KEMPAINEN,USA,02:18:38.000,31,1996
Harri Johannes HANNINEN,FIN,02:18:41.000,32,1996
Gert THYS,RSA,02:18:55.000,33,1996
Sean QUILTY,AUS,02:19:35.000,34,1996
Carey NELSON,CAN,02:19:39.000,35,1996
Spyridon ANDRIOPOULOS,GRE,02:19:41.000,36,1996
Oleg STRIZHAKOV,RUS,02:19:51.000,37,1996
Jung-Ok KIM,PRK,02:19:54.000,38,1996
Bruce DEACON,CAN,02:19:56.000,39,1996
Jong-Ok KIM,PRK,02:20:19.000,40,1996
Mark COOGAN,USA,02:20:27.000,41,1996
Hussein AHMED SALAH,DJI,02:20:33.000,42,1996
Petro SARAFYNIUK,UKR,02:20:37.000,43,1996
Abdel Kader EL-MOUAZIZ,MAR,02:20:39.000,44,1996
Albert VAN VLAANDEREN,NED,02:20:48.000,45,1996
Manuel MATIAS,POR,02:20:58.000,46,1996
Vanderlei DE LIMA,BRA,02:21:01.000,47,1996
Konrad Waldemar DOBLER,GER,02:21:12.000,48,1996
Borislav DEVIC,SCG,02:21:22.000,49,1996
Davide MILESI,ITA,02:21:45.000,50,1996
Aleksandrs PROKOPČUKS,LAT,02:21:50.000,51,1996
Lameck AGUTA,KEN,02:22:04.000,52,1996
Diego GARCIA,ESP,02:22:11.000,53,1996
Masaki OYA,JPN,02:22:13.000,54,1996
Peter WHITEHEAD,GBR,02:22:37.000,55,1996
Ezequiel BITOK,KEN,02:23:03.000,56,1996
Gi-Sheng HSU,TPE,02:23:04.000,57,1996
Pavel LOSKUTOV,EST,02:23:14.000,58,1996
Ruben MAZA,VEN,02:23:24.000,59,1996
Steve BRACE,GBR,02:23:28.000,60,1996
Grzegorz GAJDUS,POL,02:23:41.000,61,1996
Isaac SIMELANE,SWZ,02:23:43.000,62,1996
Nazirdin AKYLBEKOV,KGZ,02:23:59.000,63,1996
Anders SZALKAI,SWE,02:24:27.000,64,1996
John MWATHIWA,MAW,02:24:45.000,65,1996
Leonid SHVETSOV,RUS,02:24:49.000,66,1996
Eddy HELLEBUYCK,BEL,02:25:04.000,67,1996
Ahmed ADAM SALAH,SUD,02:25:12.000,68,1996
Ikaji SALIM,TAN,02:25:29.000,69,1996
Pavelas FEDORENKO,LTU,02:25:41.000,70,1996
Miguel MALLQUI,PER,02:25:56.000,71,1996
Ethel HUDSON,INA,02:26:02.000,72,1996
Diamantino DOS SANTOS,BRA,02:26:53.000,73,1996
Tika BOGATI,NEP,02:27:04.000,74,1996
Ronnie HOLASSIE,TTO,02:27:20.000,75,1996
Joseph TJITUNGA,NAM,02:27:52.000,76,1996
Valeri VLAS,MDA,02:28:36.000,77,1996
Daniel SIBANDZE,SWZ,02:28:49.000,78,1996
Waldemar COTELO,URU,02:28:50.000,79,1996
Petko STEFANOV,BUL,02:29:06.000,80,1996
Abebe MEKONNEN,ETH,02:29:45.000,81,1996
Luis MARTINEZ,GUA,02:29:55.000,82,1996
Sean WADE,NZL,02:30:35.000,83,1996
Abderrahim BENREDOUANE,MAR,02:30:49.000,84,1996
Abdou MANZO,NIG,02:30:57.000,85,1996
Marcelo BARRIENTOS,CHI,02:31:05.000,86,1996
Antoni BERNADO,AND,02:31:28.000,87,1996
Adel ADILI,LBA,02:32:12.000,88,1996
Carlos TARAZONA,VEN,02:32:35.000,89,1996
Tharcisse GASHAKA,BDI,02:32:55.000,90,1996
Policarpio CALIZAYA,BOL,02:33:08.000,91,1996
Simon QAMUNGA,TAN,02:33:11.000,92,1996
Kenjiro JITSUI,JPN,02:33:27.000,93,1996
Antonio Carlos ZEFERINO,CPV,02:34:13.000,94,1996
Pamenos Avorsant BALLANTYNE,VIN,02:34:16.000,95,1996
Kaleka MUTOKE,COD,02:34:40.000,96,1996
Ernest NDISSIPOU,CAF,02:35:55.000,97,1996
Ali ETTOUNSI,MAR,02:36:01.000,98,1996
William AGUIRRE,NCA,02:37:02.000,99,1996
Roy VENCE,PHI,02:37:10.000,100,1996
Mohamed BRAHIM,YEM,02:40:41.000,101,1996
Julio HERNANDEZ,COL,02:41:56.000,102,1996
Ajay CHUTTOO,MRI,02:42:07.000,103,1996
Nils ANTONIO,JAM,02:44:10.000,104,1996
Rithya TO,CAM,02:47:01.000,105,1996
Maximo OLIVERAS,PUR,02:47:15.000,106,1996
Islam DJUGUM,BIH,02:47:38.000,107,1996
Marlon Selwyn WILLIAMS,ISV,02:48:26.000,108,1996
Eugene MUSLAR,BIZ,02:51:41.000,109,1996
Abdi ISAK,SOM,02:59:55.000,110,1996
A Baser WASIQI,AFG,04:24:17.000,111,1996
Gezahegne ABERA,ETH,02:10:11.000,1,2000
Erick WAINAINA,KEN,02:10:31.000,2,2000
Tesfaye TOLA,ETH,02:11:10.000,3,2000
Jon BROWN,GBR,02:11:17.000,4,2000
Giacomo LEONE,ITA,02:12:14.000,5,2000
Martin FIZ,ESP,02:13:06.000,6,2000
Abdel Kader EL-MOUAZIZ,MAR,02:13:49.000,7,2000
Mohamed OUAADI,FRA,02:14:04.000,8,2000
Tendai CHIMUSASA,ZIM,02:14:19.000,9,2000
Stephen MONEGHETTI,AUS,02:14:50.000,10,2000
Antonio PINTO,POR,02:15:17.000,11,2000
Hendrick RAMAALA,RSA,02:16:19.000,12,2000
Kamiel MAASE,NED,02:16:24.000,13,2000
Silvio GUERRA,ECU,02:16:27.000,14,2000
Mathias NTAWULIKURA,RWA,02:16:39.000,15,2000
Thabiso Paul MOQHALI,LES,02:16:43.000,16,2000
Joao N'TYAMBA,ANG,02:16:43.000,17,2000
Domingos CASTRO,POR,02:16:52.000,18,2000
Keith CULLEN,GBR,02:16:59.000,19,2000
Josia THUGWANE,RSA,02:16:59.000,20,2000
Shinji KAWASHIMA,JPN,02:17:21.000,21,2000
Simretu ALEMAYEHU,ETH,02:17:21.000,22,2000
Kamal KOHIL,ALG,02:17:46.000,23,2000
Bong-Ju LEE,KOR,02:17:57.000,24,2000
Greg VAN HEST,NED,02:18:00.000,25,2000
Pavel KOKIN,RUS,02:18:02.000,26,2000
Andres ESPINOSA,MEX,02:18:02.000,27,2000
Rod DE HIGHDEN,AUS,02:18:04.000,28,2000
Jung-Ok KIM,PRK,02:18:04.000,29,2000
Jong Chol KIM,PRK,02:18:04.000,30,2000
Pamenos Avorsant BALLANTYNE,VIN,02:19:08.000,31,2000
Ronnie HOLASSIE,TTO,02:19:24.000,32,2000
Michael BUCHLEITNER,AUT,02:19:26.000,33,2000
Dmitriy KAPITONOV,RUS,02:19:38.000,34,2000
Pavel LOSKUTOV,EST,02:19:41.000,35,2000
Viktor ROTHLIN,SUI,02:20:06.000,36,2000
Michael FIETZ,GER,02:20:09.000,37,2000
Tahar MANSOURI,TUN,02:20:33.000,38,2000
Jose Luis MOLINA,CRC,02:20:37.000,39,2000
Carlos TARAZONA,VEN,02:20:39.000,40,2000
Nobuyuki SATO,JPN,02:20:52.000,41,2000
Alberto JUZDADO,ESP,02:21:18.000,42,2000
Johannes MAREMANE,RSA,02:21:25.000,43,2000
Bruce DEACON,CAN,02:21:38.000,44,2000
Nam-gyun JEONG,KOR,02:22:23.000,45,2000
Néstor GARCÍA,URU,02:22:30.000,46,2000
Ahmed SOLIMAN,EGY,02:22:47.000,47,2000
Lucketz SWARTBOOI,NAM,02:22:55.000,48,2000
Antoni BERNADO,AND,02:23:03.000,49,2000
Luis NOVO,POR,02:23:04.000,50,2000
Lucky Willie BHEMBE,SWZ,02:23:38.000,51,2000
Boubker ELAFOUI,MAR,02:23:53.000,52,2000
Abel ANTON RODRIGO,ESP,02:24:04.000,53,2000
Lothar Carsten EICH,GER,02:24:11.000,54,2000
Valeri VLAS,MDA,02:24:35.000,55,2000
Mark STEINLE,GBR,02:24:42.000,56,2000
Alex MALINGA,UGA,02:24:53.000,57,2000
Hernan Oscar CORTINEZ,ARG,02:25:01.000,58,2000
Jae Son KIL,PRK,02:25:13.000,59,2000
Petko STEFANOV,BUL,02:26:24.000,60,2000
Amnaay Zebedayo BAYO,TAN,02:26:24.000,61,2000
Roman KEJZAR,SLO,02:26:38.000,62,2000
Panagiotis CHARAMIS,GRE,02:26:55.000,63,2000
Benjamin PAREDES,MEX,02:27:17.000,64,2000
Seng-Do BAEK,KOR,02:28:25.000,65,2000
Lee TROOP,AUS,02:29:32.000,66,2000
Antonio Carlos ZEFERINO,CPV,02:29:46.000,67,2000
Sergey ZABAVSKIY,TJK,02:30:29.000,68,2000
Rod DEHAVEN,USA,02:30:46.000,69,2000
Nazirdin AKYLBEKOV,KGZ,02:31:26.000,70,2000
Calisto DA COSTA,IOA,02:33:11.000,71,2000
Marco Ivan CONDORI COLQUE,BOL,02:34:11.000,72,2000
Sarath Prasanna GAMAGE,SRI,02:34:39.000,73,2000
Gian Luigi MACINA,SMR,02:35:42.000,74,2000
Vanderlei DE LIMA,BRA,02:37:08.000,75,2000
Zeljko PETROVIC,BIH,02:38:29.000,76,2000
Tiyapo MASO,BOT,02:38:53.000,77,2000
Djuro KODZO,BIH,02:39:14.000,78,2000
Jose Alejandro SEMPRUN,VEN,03:00:02.000,79,2000
Rithya TO,CAM,03:03:56.000,80,2000
Elias RODRIQUEZ,FSM,03:09:14.000,81,2000
Stefano BALDINI,ITA,02:10:55.000,1,2004
Mebrahtom KEFLEZIGHI,USA,02:11:29.000,2,2004
Vanderlei DE LIMA,BRA,02:12:11.000,3,2004
Jon BROWN,GBR,02:12:26.000,4,2004
Shigeru ABURAYA,JPN,02:13:11.000,5,2004
Toshinari SUWA,JPN,02:13:24.000,6,2004
Erick WAINAINA,KEN,02:13:30.000,7,2004
Alberto CHAICA,POR,02:14:17.000,8,2004
Alberico DI CECCO,ITA,02:14:34.000,9,2004
Paul TERGAT,KEN,02:14:45.000,10,2004
Jaouad GHARIB,MAR,02:15:12.000,11,2004
Alan CULPEPPER,USA,02:15:26.000,12,2004
Leonid SHVETSOV,RUS,02:15:28.000,13,2004
Bong-Ju LEE,KOR,02:15:33.000,14,2004
Ambesse TOLOSA,ETH,02:15:39.000,15,2004
Gert THYS,RSA,02:16:08.000,16,2004
Young Joon JI,KOR,02:16:14.000,17,2004
Antoni PENA,ESP,02:16:38.000,18,2004
Georgiy ANDREYEV,RUS,02:16:55.000,19,2004
Haile SATAYIN,ISR,02:17:25.000,20,2004
Jonathan WYATT,NZL,02:17:45.000,21,2004
Janne HOLMEN,FIN,02:17:50.000,22,2004
Dan ROBINSON,GBR,02:17:53.000,23,2004
Nikolaos POLIAS,GRE,02:17:56.000,24,2004
Ndabili BASHINGILI,BOT,02:18:09.000,25,2004
Pavel LOSKUTOV,EST,02:18:09.000,26,2004
Jose RIOS,ESP,02:18:40.000,27,2004
Lee TROOP,AUS,02:18:46.000,28,2004
Michael BUCHLEITNER,AUT,02:19:19.000,29,2004
Anuradha COORAY,SRI,02:19:24.000,30,2004
Zhuhong LI,CHN,02:19:26.000,31,2004
Joachim NSHIMIRIMANA,BDI,02:19:31.000,32,2004
Dale WARRENDER,NZL,02:19:42.000,33,2004
Waldemar GLINKA,POL,02:19:43.000,34,2004
Myong Chol JONG,PRK,02:19:47.000,35,2004
El Hassan LAHSSINI,FRA,02:19:50.000,36,2004
Michal BARTOSZAK,POL,02:20:20.000,37,2004
Ahmed Jumaa JABER,QAT,02:20:27.000,38,2004
Ali Mabrouk EL ZAIDI,LBA,02:20:31.000,39,2004
Samson RAMADHANI,TAN,02:20:38.000,40,2004
Myongseung LEE,KOR,02:21:01.000,41,2004
Tomoaki KUNICHIKA,JPN,02:21:13.000,42,2004
Jose Alirio CARRASCO,COL,02:21:14.000,43,2004
Ernest NDISSIPOU,CAF,02:21:23.000,44,2004
Nicholas HARRISON,AUS,02:21:42.000,45,2004
Tereje WODAJO,ETH,02:21:53.000,46,2004
Aguelmis ROJAS,CUB,02:21:59.000,47,2004
Abel CHIMUKOKO,ZIM,02:22:09.000,48,2004
Said BELHOUT,ALG,02:22:32.000,49,2004
Matt O'DOWD,GBR,02:22:37.000,50,2004
Juan Carlos CARDONA,COL,02:22:49.000,51,2004
Daniele CAIMMI,ITA,02:23:07.000,52,2004
Joao N'TYAMBA,ANG,02:23:26.000,53,2004
Roman KEJZAR,SLO,02:23:34.000,54,2004
Procopio FRANCO,MEX,02:23:34.000,55,2004
Wen-Chien WU,TPE,02:23:54.000,56,2004
Antoni BERNADO,AND,02:23:55.000,57,2004
Julio REY,ESP,02:24:54.000,58,2004
Asaf BIMRO,ISR,02:25:20.000,59,2004
Sisay BEZABEH,AUS,02:25:26.000,60,2004
Silvio GUERRA,ECU,02:25:29.000,61,2004
Mathias NTAWULIKURA,RWA,02:26:05.000,62,2004
Robert STEFKO,CZE,02:27:12.000,63,2004
Jose Amado GARCIA,GUA,02:27:13.000,64,2004
Daniel BROWNE,USA,02:27:17.000,65,2004
Gang HAN,CHN,02:27:31.000,66,2004
Eduardo BUENAVISTA,PHI,02:28:18.000,67,2004
Driss EL HIMER,FRA,02:29:07.000,68,2004
Andres ESPINOSA,MEX,02:29:43.000,69,2004
Mpesela NTLOT SOEU,LES,02:30:19.000,70,2004
Franklin TENORIO,ECU,02:31:12.000,71,2004
Jose Ernani PALALIA,MEX,02:31:41.000,72,2004
Dmitriy BURMAKIN,RUS,02:31:51.000,73,2004
Mindaugas PUKSTAS,LTU,02:33:02.000,74,2004
Ser-Od BAT-OCHIR,MGL,02:33:24.000,75,2004
Ronghua ZHU,CHN,02:34:02.000,76,2004
Alfredo AREVALO,GUA,02:34:02.000,77,2004
Antonio Carlos ZEFERINO,CPV,02:36:22.000,78,2004
Valery PISAREV,KGZ,02:40:10.000,79,2004
Zepherinus JOSEPH,LCA,02:44:19.000,80,2004
Marcel MATANIN,SVK,02:50:26.000,81,2004
Samuel WANJIRU,KEN,02:06:32.000,1,2008
Jaouad GHARIB,MAR,02:07:16.000,2,2008
Tsegay KEBEDE,ETH,02:10:00.000,3,2008
Deriba MERGA,ETH,02:10:21.000,4,2008
Martin LEL,KEN,02:10:24.000,5,2008
Viktor ROTHLIN,SUI,02:10:35.000,6,2008
Gashaw ASFAW,ETH,02:10:52.000,7,2008
Yared ASMEROM,ERI,02:11:11.000,8,2008
Dathan RITZENHEIN,USA,02:11:59.000,9,2008
Ryan HALL,USA,02:12:33.000,10,2008
Mike FOKORONI,ZIM,02:13:17.000,11,2008
Stefano BALDINI,ITA,02:13:25.000,12,2008
Tsuyoshi OGATA,JPN,02:13:26.000,13,2008
Georgiy ANDREYEV,RUS,02:13:33.000,14,2008
Ruggero PERTILE,ITA,02:13:39.000,15,2008
Jose Manuel MARTINEZ,ESP,02:14:00.000,16,2008
Francis KIRWA,FIN,02:14:22.000,17,2008
Myongseung LEE,KOR,02:14:37.000,18,2008
Janne HOLMEN,FIN,02:14:44.000,19,2008
Abderrahim GOUMRI,MAR,02:15:00.000,20,2008
Alexey SOKOLOV,RUS,02:15:57.000,21,2008
Brian SELL,USA,02:16:07.000,22,2008
Ottaviano ANDRIANI,ITA,02:16:10.000,23,2008
Dan ROBINSON,GBR,02:16:14.000,24,2008
Haiyang DENG,CHN,02:16:17.000,25,2008
Abderrahime BOURAMDANE,MAR,02:17:42.000,26,2008
Vasyl MATVIYCHUK,UKR,02:17:50.000,27,2008
Bong-Ju LEE,KOR,02:17:56.000,28,2008
Oleg KULKOV,RUS,02:18:11.000,29,2008
Paulo GOMES,POR,02:18:15.000,30,2008
Alex MALINGA,UGA,02:18:26.000,31,2008
Carlos CORDERO,MEX,02:18:40.000,32,2008
Kum Song RI,PRK,02:19:08.000,33,2008
Henryk SZOST,POL,02:19:43.000,34,2008
Jose Amado GARCIA,GUA,02:20:15.000,35,2008
Yonas KIFLE,ERI,02:20:23.000,36,2008
Nasar Sakar SAEED,BRN,02:20:24.000,37,2008
Jose DE SOUSA,BRA,02:20:25.000,38,2008
Kamiel MAASE,NED,02:20:30.000,39,2008
Song-Chol PAK,PRK,02:21:16.000,40,2008
Iaroslav MUSINSCHI,MDA,02:21:18.000,41,2008
Il Nam KIM,PRK,02:21:51.000,42,2008
Juan Carlos CARDONA,COL,02:21:57.000,43,2008
Hendrick RAMAALA,RSA,02:22:43.000,44,2008
Arjun Kumar BASNET,NEP,02:23:09.000,45,2008
Helder ORNELAS,POR,02:23:20.000,46,2008
Procopio FRANCO,MEX,02:23:24.000,47,2008
Nelson CRUZ,CPV,02:23:47.000,48,2008
Roberto ECHEVERRIA,CHI,02:23:54.000,49,2008
Yi-Yong KIM,KOR,02:23:57.000,50,2008
Zhuhong LI,CHN,02:24:08.000,51,2008
Ser-Od BAT-OCHIR,MGL,02:24:19.000,52,2008
Norman DLOMO,RSA,02:24:28.000,53,2008
Arkadiusz SOWA,POL,02:24:48.000,54,2008
Samson RAMADHANI,TAN,02:25:03.000,55,2008
Ndabili BASHINGILI,BOT,02:25:11.000,56,2008
Simon MUNYUTU,FRA,02:25:50.000,57,2008
Antoni BERNADO,AND,02:26:29.000,58,2008
Wen-Chien WU,TPE,02:26:55.000,59,2008
Lee TROOP,AUS,02:27:17.000,60,2008
Constantino LEON,PER,02:28:04.000,61,2008
Goran STOJILJKOVIC,MNE,02:28:14.000,62,2008
Alfredo AREVALO,GUA,02:28:26.000,63,2008
Yousf Othman QADER,QAT,02:28:40.000,64,2008
Franklin TENORIO,ECU,02:29:05.000,65,2008
Francisco BAUTISTA,MEX,02:29:28.000,66,2008
Roman KEJZAR,SLO,02:29:37.000,67,2008
Joachim NSHIMIRIMANA,BDI,02:29:55.000,68,2008
Haile SATAYIN,ISR,02:30:07.000,69,2008
Takhir MAMASHAYEV,KAZ,02:30:26.000,70,2008
Abdil CEYLAN,TUR,02:31:43.000,71,2008
Jose RIOS,ESP,02:32:35.000,72,2008
Bunting HEM,CAM,02:33:32.000,73,2008
Marcel TSCHOPP,LIE,02:35:06.000,74,2008
Pavel LOSKUTOV,EST,02:39:01.000,75,2008
Atsushi SATO,JPN,02:41:08.000,76,2008
Stephen KIPROTICH,UGA,02:08:01.000,1,2012
Abel KIRUI,KEN,02:08:27.000,2,2012
Wilson Kipsang KIPROTICH,KEN,02:09:37.000,3,2012
Mebrahtom KEFLEZIGHI,USA,02:11:06.000,4,2012
Marilson DOS SANTOS,BRA,02:11:10.000,5,2012
Kentaro NAKAMOTO,JPN,02:11:16.000,6,2012
Cuthbert NYASANGO,ZIM,02:12:08.000,7,2012
Paulo Roberto PAULA,BRA,02:12:17.000,8,2012
Henryk SZOST,POL,02:12:28.000,9,2012
Ruggero PERTILE,ITA,02:12:45.000,10,2012
Viktor ROTHLIN,SUI,02:12:48.000,11,2012
Oleksandr SITKOVSKIY,UKR,02:12:56.000,12,2012
Franck DE ALMEIDA,BRA,02:13:35.000,13,2012
Aleksey REUNKOV,RUS,02:13:49.000,14,2012
Wirimai JUWAWO,ZIM,02:14:09.000,15,2012
Michael SHELLEY,AUS,02:14:10.000,16,2012
Emmanuel Kipchirchir MUTAI,KEN,02:14:49.000,17,2012
Rachid KISRI,MAR,02:15:09.000,18,2012
Yared ASMEROM,ERI,02:15:24.000,19,2012
Dylan WYKES,CAN,02:15:26.000,20,2012
Raul PACHECO,PER,02:15:35.000,21,2012
Eric GILLIS,CAN,02:16:00.000,22,2012
Dmitriy SAFRONOV,RUS,02:16:04.000,23,2012
Carles CASTILLEJO,ESP,02:16:17.000,24,2012
Iaroslav MUSINSCHI,MDA,02:16:25.000,25,2012
Marius IONESCU,ROU,02:16:28.000,26,2012
Reid COOLSAET,CAN,02:16:29.000,27,2012
Martin DENT,AUS,02:16:29.000,28,2012
Vitaliy SHAFAR,UKR,02:16:36.000,29,2012
Lee MERRIEN,GBR,02:17:00.000,30,2012
Ignacio CACERES,ESP,02:17:11.000,31,2012
Duhaeng LEE,KOR,02:17:19.000,32,2012
Faustine MUSSA,TAN,02:17:39.000,33,2012
Jose Carlos HERNANDEZ,ESP,02:17:48.000,34,2012
Miguel BARZOLA,ARG,02:17:54.000,35,2012
Urige BUTA,NOR,02:17:58.000,36,2012
Georgiy ANDREYEV,RUS,02:18:20.000,37,2012
Jose Amado GARCIA,GUA,02:18:23.000,38,2012
Daniel VARGAS,MEX,02:18:26.000,39,2012
Ryo YAMAMOTO,JPN,02:18:34.000,40,2012
Jesper FAURSCHOU,DEN,02:18:44.000,41,2012
Kari Steinn KARLSSON,ISL,02:18:47.000,42,2012
Lusapho APRIL,RSA,02:19:00.000,43,2012
Mike TEBULO,MAW,02:19:11.000,44,2012
Arata FUJIWARA,JPN,02:19:11.000,45,2012
Primoz KOBE,SLO,02:19:28.000,46,2012
Guor MARIAL,IOA,02:19:32.000,47,2012
Luis FEITEIRA,POR,02:19:40.000,48,2012
Stephen MOKOKA,RSA,02:19:52.000,49,2012
Miguel Angel ALMACHI,ECU,02:19:53.000,50,2012
Ser-Od BAT-OCHIR,MGL,02:20:10.000,51,2012
Song-Chol PAK,PRK,02:20:20.000,52,2012
Kwang-Hyok KIM,PRK,02:20:20.000,53,2012
Guojian DONG,CHN,02:20:39.000,54,2012
Anuradha COORAY,SRI,02:20:41.000,55,2012
Methkal ABU DRAIS,JOR,02:21:00.000,56,2012
Mark KENNEALLY,IRL,02:21:13.000,57,2012
Yonas KIFLE,ERI,02:21:25.000,58,2012
Ivan BABARYKA,UKR,02:21:52.000,59,2012
Carlos CORDERO,MEX,02:22:08.000,60,2012
Scott OVERALL,GBR,02:22:37.000,61,2012
Pedro MORA,VEN,02:22:40.000,62,2012
Jeff HUNT,AUS,02:22:59.000,63,2012
Stsiapan RAHAUTSOU,BLR,02:23:23.000,64,2012
Cesar LIZANO,CRC,02:24:16.000,65,2012
Samson RAMADHANI,TAN,02:24:53.000,66,2012
Jan KREISINGER,CZE,02:25:03.000,67,2012
Mohammed Abduh BAKHET,QAT,02:25:17.000,68,2012
Jussi UTRIAINEN,FIN,02:26:25.000,69,2012
Arturo MALAQUIAS,MEX,02:26:37.000,70,2012
Wissem HOSNI,TUN,02:26:43.000,71,2012
Tamas KOVACS,HUN,02:27:48.000,72,2012
Sinkweon JANG,KOR,02:28:20.000,73,2012
Antoni BERNADO,AND,02:28:34.000,74,2012
Marcel TSCHOPP,LIE,02:28:54.000,75,2012
Bekir KARAYEL,TUR,02:29:38.000,76,2012
Chia-Che CHANG,TPE,02:29:58.000,77,2012
Ram Singh YADAV,IND,02:30:06.000,78,2012
Jean Pierre MVUYEKURE,RWA,02:30:19.000,79,2012
Konstadinos POULIOS,GRE,02:33:17.000,80,2012
Zohar ZEMIRO,ISR,02:34:59.000,81,2012
Jinhyeok JEONG,KOR,02:38:45.000,82,2012
Juan Carlos CARDONA,COL,02:40:13.000,83,2012
Augusto SOARES,TLS,02:45:09.000,84,2012
Tsepo MATHIBELLE,LES,02:55:54.000,85,2012
Eliud KIPCHOGE,KEN,02:08:44.000,1,2016
Feyisa LILESA,ETH,02:09:54.000,2,2016
Galen RUPP,USA,02:10:05.000,3,2016
Ghirmay GHEBRESLASSIE,ERI,02:11:04.000,4,2016
Alphonce Felix SIMBU,TAN,02:11:15.000,5,2016
Jared WARD,USA,02:11:30.000,6,2016
Tadesse ABRAHAM,SUI,02:11:42.000,7,2016
Munyo Solomon MUTAI,UGA,02:11:49.000,8,2016
Callum HAWKINS,GBR,02:11:52.000,9,2016
Eric GILLIS,CAN,02:12:29.000,10,2016
Abdi NAGEEYE,NED,02:13:01.000,11,2016
Mumin GALA,DJI,02:13:04.000,12,2016
Lemi BERHANU,ETH,02:13:29.000,13,2016
Stephen KIPROTICH,UGA,02:13:32.000,14,2016
Paulo Roberto PAULA,BRA,02:13:56.000,15,2016
Satoru SASAKI,JPN,02:13:57.000,16,2016
Kaan Kigen OZBILEN,TUR,02:14:11.000,17,2016
Byron PIEDRA,ECU,02:14:12.000,18,2016
Sondre Nordstad MOEN,NOR,02:14:17.000,19,2016
Oleksandr SITKOVSKIY,UKR,02:14:24.000,20,2016
Amanuel MESEL,ERI,02:14:37.000,21,2016
Koen NAERT,BEL,02:14:53.000,22,2016
Reid COOLSAET,CAN,02:14:58.000,23,2016
Lusapho APRIL,RSA,02:15:24.000,24,2016
Thanackal GOPI,IND,02:15:25.000,25,2016
Kheta RAM,IND,02:15:26.000,26,2016
Chol PAK,PRK,02:15:27.000,27,2016
Evans Kiplagat BARKOWET,AZE,02:15:31.000,28,2016
Guojian DONG,CHN,02:15:32.000,29,2016
Ihor OLEFIRENKO,UKR,02:15:36.000,30,2016
Liam ADAMS,AUS,02:16:12.000,31,2016
Paul POLLOCK,IRL,02:16:24.000,32,2016
Mebrahtom KEFLEZIGHI,USA,02:16:46.000,33,2016
Anuradha COORAY,SRI,02:17:06.000,34,2016
Abdi Hakin ULAD,DEN,02:17:06.000,35,2016
Suehiro ISHIKAWA,JPN,02:17:08.000,36,2016
Marius IONESCU,ROU,02:17:27.000,37,2016
Ruggero PERTILE,ITA,02:17:30.000,38,2016
Artur KOZLOWSKI,POL,02:17:34.000,39,2016
Nicolas CUESTAS,URU,02:17:44.000,40,2016
Pardon NDHLOVU,ZIM,02:17:48.000,41,2016
Victor ARAVENA,CHI,02:17:49.000,42,2016
Saidi Juma MAKULA,TAN,02:17:49.000,43,2016
Florent CAELEN,BEL,02:17:59.000,44,2016
Raul MACHACUAY,PER,02:18:00.000,45,2016
Richer PEREZ,CUB,02:18:05.000,46,2016
Michael SHELLEY,AUS,02:18:06.000,47,2016
Ihor RUSS,UKR,02:18:19.000,48,2016
Carles CASTILLEJO,ESP,02:18:34.000,49,2016
Ernesto Andres ZAMORA,URU,02:18:36.000,50,2016
Ercan MUSLU,TUR,02:18:40.000,51,2016
Cristhian PACHECO,PER,02:18:41.000,52,2016
Mariano MASTROMARINO,ARG,02:18:44.000,53,2016
Daniel VARGAS,MEX,02:18:51.000,54,2016
Philipp PFLIEGER,GER,02:18:56.000,55,2016
Willem VAN SCHUERBEECK,BEL,02:18:56.000,56,2016
Stefano LA ROSA,ITA,02:18:57.000,57,2016
Cuthbert NYASANGO,ZIM,02:18:58.000,58,2016
Marilson DOS SANTOS,BRA,02:19:09.000,59,2016
Tewelde ESTIFANOS,ERI,02:19:12.000,60,2016
Roman FOSTI,EST,02:19:26.000,61,2016
Atef SAAD,TUN,02:19:50.000,62,2016
Tiidrek NURME,EST,02:20:01.000,63,2016
Kevin SEAWARD,IRL,02:20:06.000,64,2016
Jesus ESPANA,ESP,02:20:08.000,65,2016
Raul PACHECO,PER,02:20:13.000,66,2016
Juan Carlos TRUJILLO,GUA,02:20:24.000,67,2016
Stsiapan RAHAUTSOU,BLR,02:20:34.000,68,2016
Mynhardt Mbeumuna KAWANIVI,NAM,02:20:45.000,69,2016
Julian FLUGEL,GER,02:20:47.000,70,2016
Daviti KHARAZISHVILI,GEO,02:20:47.000,71,2016
Rachid KISRI,MAR,02:21:00.000,72,2016
Maru TEFERI,ISR,02:21:06.000,73,2016
Remigijus KANCYS,LTU,02:21:10.000,74,2016
Christian KREIENBUHL,SUI,02:21:13.000,75,2016
Mohamed HREZI,LBA,02:21:17.000,76,2016
Solonei DA SILVA,BRA,02:22:05.000,77,2016
Andres RUIZ,COL,02:22:09.000,78,2016
Jackson KIPROP,UGA,02:22:09.000,79,2016
Scott WESTCOTT,AUS,02:22:19.000,80,2016
Guor MARIAL,SSD,02:22:45.000,81,2016
Uladzislau PRAMAU,BLR,02:22:48.000,82,2016
Nitendra SINGH,IND,02:22:52.000,83,2016
Miguel Angel ALMACHI,ECU,02:23:00.000,84,2016
Ilya TIAPKIN,KGZ,02:23:19.000,85,2016
Gabor JOZSA,HUN,02:23:22.000,86,2016
Gerald GIRALDO,COL,02:23:48.000,87,2016
Luis Ariel MOLINA,ARG,02:23:55.000,88,2016
Yonas KINDE,XXB,02:24:08.000,89,2016
Bujie DUO,CHN,02:24:22.000,90,2016
Ser-Od BAT-OCHIR,MGL,02:24:26.000,91,2016
Jordan CHIPANGAMA,ZAM,02:24:58.000,92,2016
Hisanori KITAJIMA,JPN,02:25:11.000,93,2016
Lebenya NKOKA,LES,02:25:13.000,94,2016
Renxue ZHU,CHN,02:25:31.000,95,2016
Sibusiso NZIMA,RSA,02:25:33.000,96,2016
Daniel ESTRADA,CHI,02:25:33.000,97,2016
Ambroise UWIRAGIYE,RWA,02:25:57.000,98,2016
Chin-Ping HO,TPE,02:26:00.000,99,2016
Mikhail KRASILOV,KAZ,02:26:11.000,100,2016
David CARVER,MRI,02:26:16.000,101,2016
Mick CLOHISSEY,IRL,02:26:34.000,102,2016
Hakim SADI,ALG,02:26:47.000,103,2016
Roman PRODIUS,MDA,02:27:01.000,104,2016
Luis Alberto ORTA,VEN,02:27:05.000,105,2016
Gantulga DAMBADARJAA,MGL,02:27:42.000,106,2016
Enzo YANEZ,CHI,02:27:47.000,107,2016
Gaspar CSERE,HUN,02:28:03.000,108,2016
Martin Esteban CUESTAS,URU,02:28:10.000,109,2016
Valdas DOPOLSKAS,LTU,02:28:21.000,110,2016
Fabiano JOSEPH,TAN,02:28:31.000,111,2016
Kamongwa Salukombo MAKOROBONDO,COD,02:28:54.000,112,2016
Derek HAWKINS,GBR,02:29:24.000,113,2016
Celestin NIHORIMBERE,BDI,02:29:38.000,114,2016
Hristoforos MEROUSIS,GRE,02:29:39.000,115,2016
Anton KOSMAC,SLO,02:29:48.000,116,2016
Jose Amado GARCIA,GUA,02:30:11.000,117,2016
Andjelko RISTICEVIC,SRB,02:30:17.000,118,2016
Ricardo RAMOS,MEX,02:30:20.000,119,2016
Tasama MOOGAS,ISR,02:30:30.000,120,2016
Ageze GUADIE,ISR,02:30:45.000,121,2016
Rui Pedro SILVA,POR,02:30:52.000,122,2016
Segundo JAMI,ECU,02:31:07.000,123,2016
Diego COLORADO,COL,02:31:20.000,124,2016
Bekir KARAYEL,TUR,02:31:27.000,125,2016
Nicolae-Alexandru SOARE,ROU,02:31:53.000,126,2016
Yared SHEGUMO,POL,02:31:54.000,127,2016
Mohammadjafar MORADI,IRI,02:31:58.000,128,2016
Byambajav TSEVEENRAVDAN,MGL,02:36:14.000,129,2016
Myeongjun SON,KOR,02:36:21.000,130,2016
Mikhailis KALOMOIRIS,GRE,02:37:03.000,131,2016
Boonthung SRISUNG,THA,02:37:46.000,132,2016
Ricardo RIBAS,POR,02:38:29.000,133,2016
Jorge CASTELBLANCO,PAN,02:39:25.000,134,2016
Derlys AYALA,PAR,02:39:40.000,135,2016
Federico BRUNO,ARG,02:40:05.000,136,2016
Jungsub SHIM,KOR,02:42:42.000,137,2016
Kuniaki TAKIZAKI,CAM,02:45:55.000,138,2016
Methkal ABU DRAIS,JOR,02:46:18.000,139,2016
Eliud KIPCHOGE,KEN,2:08:38,1,2020
Abdi NAGEEYE,NED,2:09:58,2,2020
Bashir ABDI,BEL,2:10:00,3,2020
Lawrence CHERONO,KEN,2:10:02,4,2020
Ayad LAMDASSEM,ESP,2:10:16,5,2020
Suguru OSAKO,JPN,2:10:41,6,2020
Alphonce Felix SIMBU,TAN,2:11:35,7,2020
Galen RUPP,USA,2:11:41,8,2020
Othmane EL GOUMRI,MAR,2:11:58,9,2020
Koen NAERT,BEL,2:12:13,10,2020
Mohamed Reda EL AARABY,MAR,2:12:22,11,2020
Nicolas NAVARRO,FRA,2:12:50,12,2020
Maru TEFERI,ISR,2:13:02,13,2020
Goitom KIFLE,ERI,2:13:22,14,2020
Jeison Alexander SUAREZ,COL,2:13:29,15,2020
Tachlowini GABRIYESOS,XXB,2:14:02,16,2020
Morhad AMDOUNI,FRA,2:14:33,17,2020
Hamza SAHLI,MAR,2:14:48,18,2020
Shaohui YANG,CHN,2:14:58,19,2020
Eyob GHEBREHIWET FANIEL,ITA,2:15:11,20,2020
Daniel MATEO,ESP,2:15:21,21,2020
Yohanes GHEBREGERGIS,ERI,2:15:34,22,2020
Abdi Hakin ULAD,DEN,2:15:50,23,2020
Liam ADAMS,AUS,2:15:51,24,2020
Richard RINGER,GER,2:16:08,25,2020
Tiidrek NURME,EST,2:16:16,26,2020
Girmaw AMARE,ISR,2:16:17,27,2020
Jacob RILEY,USA,2:16:26,28,2020
Amanal PETROS,GER,2:16:33,29,2020
Eulalio MUNOZ,ARG,2:16:35,30,2020
Jianhua PENG,CHN,2:16:39,31,2020
Javier GUERRA,ESP,2:16:42,32,2020
Elroy GELANT,RSA,2:16:43,33,2020
Oqbe Kibrom RUESOM,ERI,2:16:57,34,2020
Zane ROBERTSON,NZL,2:17:04,35,2020
Haimro ALAME,ISR,2:17:17,36,2020
Adam NOWICKI,POL,2:17:19,37,2020
Olivier IRABARUTA,BDI,2:17:44,38,2020
Sondre Nordstad MOEN,NOR,2:17:59,39,2020
Abdi ABDIRAHMAN,USA,2:18:27,40,2020
Tomas Hilifa RAINHOLD,NAM,2:18:28,41,2020
Derlys AYALA,PAR,2:18:34,42,2020
Fred MUSOBO,UGA,2:18:39,43,2020
Sidi-Hassan CHAHDI,FRA,2:18:40,44,2020
Ben PREISNER,CAN,2:19:27,45,2020
Yassine EL FATHAOUI,ITA,2:19:44,46,2020
Trevor HOFBAUER,CAN,2:19:57,47,2020
Jungsub SHIM,KOR,2:20:36,48,2020
Hendrik PFEIFFER,GER,2:20:43,49,2020
Filex CHEMONGESI,UGA,2:20:53,50,2020
Yavuz AGRALI,TUR,2:21:00,51,2020
Joaquin ARBE,ARG,2:21:15,52,2020
Christopher THOMPSON,GBR,2:21:29,53,2020
Byambajav TSEVEENRAVDAN,MGL,2:21:32,54,2020
Jose Luis SANTANA MARIN,MEX,2:21:32,55,2020
Guojian DONG,CHN,2:21:35,56,2020
Kevin SEAWARD,IRL,2:21:45,57,2020
Dieter KERSTEN,BEL,2:22:06,58,2020
Cristhian PACHECO,PER,2:22:12,59,2020
Peter HERZOG,AUT,2:22:15,60,2020
Shogo NAKAMURA,JPN,2:22:23,61,2020
Arkadiusz GARDZIELEWSKI,POL,2:22:50,62,2020
Malcolm HICKS,NZL,2:23:12,63,2020
Juan PACHECO,MEX,2:23:41,64,2020
Brett ROBINSON,AUS,2:24:04,65,2020
Khoarahlane SEUTLOALI,LES,2:25:03,66,2020
Roman FOSTI,EST,2:25:37,67,2020
Paulo Roberto PAULA,BRA,2:26:08,68,2020
Thijs NIJHUIS,DEN,2:26:59,69,2020
Paul POLLOCK,IRL,2:27:48,70,2020
Cameron LEVINS,CAN,2:28:43,71,2020
Yuma HATTORI,JPN,2:30:08,72,2020
Jesus Arturo ESPARZA,MEX,2:31:51,73,2020
Jorge CASTELBLANCO,PAN,2:33:22,74,2020
Ivan ZARCO ALVAREZ,HON,2:44:36,75,2020
Tamirat TOLA,ETH,2:06:26,1,2024
Bashir ABDI,BEL,2:06:47,2,2024
Benson KIPRUTO,KEN,2:07:00,3,2024
Emile CAIRESS,GBR,2:07:29,4,2024
Deresa GELETA,ETH,2:07:31,5,2024
Akira AKASAKI,JPN,2:07:32,6,2024
Tebello RAMAKONGOANA,LES,2:07:58,7,2024
Conner MANTZ,USA,2:08:12,8,2024
Clayton YOUNG,USA,2:08:44,9,2024
Samsom AMARE,ERI,2:08:56,10,2024
Elroy GELANT,RSA,2:09:07,11,2024
Richard RINGER,GER,2:09:18,12,2024
Suguru OSAKO,JPN,2:09:25,13,2024
Ibrahim HASSAN,DJI,2:09:31,14,2024
Samuel FITWI SIBHATU,GER,2:09:50,15,2024
Nicolas NAVARRO,FRA,2:09:56,16,2024
Alphonce Felix SIMBU,TAN,2:10:03,17,2024
Othmane EL GOUMRI,MAR,2:10:06,18,2024
Isaac MPOFU,ZIM,2:10:09,19,2024
Sidi-Hassan CHAHDI,FRA,2:10:09,20,2024
Alexander MUNYAO,KEN,2:10:31,21,2024
Michael SOMERS,BEL,2:10:32,22,2024
Naoki KOYAMA,JPN,2:10:33,23,2024
Patrick TIERNAN,AUS,2:10:34,24,2024
Yemaneberhan CRIPPA,ITA,2:10:36,25,2024
Maru TEFERI,ISR,2:10:42,26,2024
Stephen MOKOKA,RSA,2:10:59,27,2024
Suldan HASSAN,SWE,2:11:21,28,2024
Il Ryong HAN,PRK,2:11:21,29,2024
Matthias KYBURZ,SUI,2:11:32,30,2024
Gashau AYALE,ISR,2:11:36,31,2024
Sondre Nordstad MOEN,NOR,2:11:39,32,2024
Yaseen ABDALLA,SUD,2:11:41,33,2024
Ibrahim CHAKIR,ESP,2:11:44,34,2024
Zouhair TALBI,MAR,2:11:51,35,2024
Cameron LEVINS,CAN,2:11:56,36,2024
Victor KIPLANGAT,UGA,2:11:59,37,2024
Tadesse ABRAHAM,SUI,2:12:22,38,2024
Kenenisa BEKELE,ETH,2:12:24,39,2024
Xiangdong WU,CHN,2:12:34,40,2024
Yago ROJO,ESP,2:12:43,41,2024
Tachlowini GABRIYESOS,XXB,2:12:47,42,2024
Eyob GHEBREHIWET FANIEL,ITA,2:12:50,43,2024
Girmaw AMARE,ISR,2:12:51,44,2024
Andrew BUCHANAN,AUS,2:12:58,45,2024
Philip SESEMANN,GBR,2:13:08,46,2024
Rory LINKLETTER,CAN,2:13:09,47,2024
Samuel BARATA,POR,2:13:23,48,2024
Liam ADAMS,AUS,2:13:33,49,2024
Felix BOUR,FRA,2:13:46,50,2024
Daniele MEUCCI,ITA,2:14:02,51,2024
Zerei Kbrom MEZNGI,NOR,2:14:14,52,2024
Carlos DIAZ,CHI,2:14:25,53,2024
Henok TESFAY,ERI,2:14:31,54,2024
Shaohui YANG,CHN,2:14:48,55,2024
Samuel FREIRE,CPV,2:15:05,56,2024
Mahamed MAHAMED,GBR,2:15:19,57,2024
Khalid CHOUKOUD,NED,2:15:25,58,2024
Hugo CATRILEO,CHI,2:15:44,59,2024
Hector GARIBAY,BOL,2:15:54,60,2024
Koen NAERT,BEL,2:16:33,61,2024
Andrew Rotich KWEMOI,UGA,2:17:28,62,2024
Leonard Essau KORIR,USA,2:18:45,63,2024
Berhane TESFAY,ERI,2:18:50,64,2024
Moath ALKHAWALDEH,JOR,2:20:01,65,2024
Alberto GONZALEZ MINDEZ,GUA,2:22:12,66,2024
Jie HE,CHN,2:22:31,67,2024
Tariku NOVALES,ESP,2:25:50,68,2024
Dario IVANOVSKI,MKD,2:28:15,69,2024
Valentin BETOUDJI,CHA,2:32:11,70,2024
Ser-Od BAT-OCHIR,MGL,2:42:33,71,2024
